批次,游戏ID,付费分层,首日进度,最高进度,最终进度,记录天数,有效新增关卡,平均每日新增,原表流失关卡,起始原始关卡,最高原始关卡,最终原始关卡,最长连续停留天数,最长停留原始关卡,起始原始关卡标签,起始原始关卡序号,最高原始关卡标签,最高原始关卡序号,最终原始关卡标签,最终原始关卡序号,最长停留原始关卡标签,最长停留原始关卡序号,是否流失,首日到最终进度差
4.4-4.8,109069105,1~7,2.0,2.0,2.0,1,2.0,2.0,2.0,102.0,102.0,102.0,1,102.0,1-02,2.0,1-02,2.0,1-02,2.0,1-02,2.0,True,0.0
4.4-4.8,109069676,1~7,9.0,19.0,19.0,9,19.0,2.7142857142857144,,109.0,204.0,204.0,3,201.0,1-09,9.0,2-04,19.0,2-04,19.0,2-01,16.0,False,10.0
4.4-4.8,109069928,7~50,12.0,12.0,12.0,1,12.0,12.0,12.0,112.0,112.0,112.0,1,112.0,1-12,12.0,1-12,12.0,1-12,12.0,1-12,12.0,True,0.0
4.4-4.8,109070036,1~7,12.0,13.0,13.0,3,13.0,4.333333333333333,13.0,112.0,113.0,113.0,2,112.0,1-12,12.0,1-13,13.0,1-13,13.0,1-12,12.0,True,1.0
4.4-4.8,109070129,1~7,14.0,44.0,44.0,16,44.0,2.75,,114.0,314.0,314.0,4,313.0,1-14,14.0,3-14,44.0,3-14,44.0,3-13,43.0,False,30.0
4.4-4.8,109070141,7~50,12.0,20.0,20.0,9,18.0,2.5714285714285716,,112.0,205.0,205.0,3,115.0,1-12,12.0,2-05,20.0,2-05,20.0,1-15,15.0,False,8.0
4.4-4.8,109070178,1~7,3.0,3.0,3.0,1,3.0,3.0,3.0,103.0,103.0,103.0,1,103.0,1-03,3.0,1-03,3.0,1-03,3.0,1-03,3.0,True,0.0
4.4-4.8,109070223,7~50,8.0,14.0,14.0,3,14.0,7.0,14.0,108.0,114.0,114.0,1,108.0,1-08,8.0,1-14,14.0,1-14,14.0,1-08,8.0,True,6.0
4.4-4.8,109070276,100~300,10.0,10.0,10.0,1,10.0,10.0,10.0,110.0,110.0,110.0,1,110.0,1-10,10.0,1-10,10.0,1-10,10.0,1-10,10.0,True,0.0
4.4-4.8,109070282,7~50,12.0,12.0,12.0,2,12.0,6.0,12.0,112.0,112.0,112.0,2,112.0,1-12,12.0,1-12,12.0,1-12,12.0,1-12,12.0,True,0.0
4.4-4.8,109070403,1~7,12.0,19.0,19.0,3,19.0,6.333333333333333,19.0,112.0,204.0,204.0,2,204.0,1-12,12.0,2-04,19.0,2-04,19.0,2-04,19.0,True,7.0
4.4-4.8,109070410,7~50,10.0,47.0,47.0,23,47.0,2.1363636363636362,,110.0,402.0,402.0,7,215.0,1-10,10.0,4-02,47.0,4-02,47.0,2-15,30.0,False,37.0
4.4-4.8,109070413,50~100,10.0,14.0,14.0,6,14.0,4.666666666666667,14.0,110.0,114.0,114.0,2,114.0,1-10,10.0,1-14,14.0,1-14,14.0,1-14,14.0,True,4.0
4.4-4.8,109070608,1~7,11.0,54.0,54.0,24,54.0,2.25,,111.0,409.0,409.0,4,309.0,1-11,11.0,4-09,54.0,4-09,54.0,3-09,39.0,False,43.0
4.4-4.8,109070637,300~+∞,24.0,50.0,50.0,6,50.0,8.333333333333334,,209.0,405.0,405.0,2,405.0,2-09,24.0,4-05,50.0,4-05,50.0,4-05,50.0,False,26.0
4.4-4.8,109070659,7~50,7.0,16.0,16.0,5,16.0,3.2,16.0,107.0,201.0,201.0,2,115.0,1-07,7.0,2-01,16.0,2-01,16.0,1-15,15.0,True,9.0
4.4-4.8,109070736,1~7,3.0,3.0,3.0,1,3.0,3.0,3.0,103.0,103.0,103.0,1,103.0,1-03,3.0,1-03,3.0,1-03,3.0,1-03,3.0,True,0.0
4.4-4.8,109070924,1~7,12.0,32.0,32.0,8,32.0,4.0,,112.0,302.0,302.0,2,215.0,1-12,12.0,3-02,32.0,3-02,32.0,2-15,30.0,False,20.0
4.4-4.8,109070946,1~7,7.0,12.0,12.0,3,12.0,6.0,,107.0,112.0,112.0,1,107.0,1-07,7.0,1-12,12.0,1-12,12.0,1-07,7.0,False,5.0
4.4-4.8,109070986,1~7,12.0,14.0,14.0,3,14.0,4.666666666666667,14.0,112.0,114.0,114.0,2,114.0,1-12,12.0,1-14,14.0,1-14,14.0,1-14,14.0,True,2.0
4.4-4.8,109071032,100~300,7.0,14.0,14.0,3,14.0,7.0,14.0,107.0,114.0,114.0,1,107.0,1-07,7.0,1-14,14.0,1-14,14.0,1-07,7.0,True,7.0
4.4-4.8,109071103,1~7,3.0,3.0,3.0,1,3.0,3.0,3.0,103.0,103.0,103.0,1,103.0,1-03,3.0,1-03,3.0,1-03,3.0,1-03,3.0,True,0.0
4.4-4.8,109071153,1~7,12.0,12.0,12.0,2,12.0,6.0,12.0,112.0,112.0,112.0,2,112.0,1-12,12.0,1-12,12.0,1-12,12.0,1-12,12.0,True,0.0
4.4-4.8,109071270,1~7,8.0,8.0,8.0,1,8.0,8.0,8.0,108.0,108.0,108.0,1,108.0,1-08,8.0,1-08,8.0,1-08,8.0,1-08,8.0,True,0.0
4.4-4.8,109071401,1~7,3.0,3.0,3.0,1,3.0,3.0,3.0,103.0,103.0,103.0,1,103.0,1-03,3.0,1-03,3.0,1-03,3.0,1-03,3.0,True,0.0
4.4-4.8,109071476,1~7,6.0,7.0,7.0,2,6.0,6.0,7.0,106.0,107.0,107.0,1,106.0,1-06,6.0,1-07,7.0,1-07,7.0,1-06,6.0,True,1.0
4.4-4.8,109071502,100~300,7.0,7.0,7.0,1,7.0,7.0,7.0,107.0,107.0,107.0,1,107.0,1-07,7.0,1-07,7.0,1-07,7.0,1-07,7.0,True,0.0
4.4-4.8,109071572,1~7,1.0,20.0,20.0,14,18.0,1.6363636363636365,,101.0,205.0,205.0,5,113.0,1-01,1.0,2-05,20.0,2-05,20.0,1-13,13.0,False,19.0
4.4-4.8,109071642,1~7,12.0,19.0,19.0,4,14.0,4.666666666666667,19.0,112.0,204.0,204.0,2,112.0,1-12,12.0,2-04,19.0,2-04,19.0,1-12,12.0,True,7.0
4.4-4.8,109071655,1~7,9.0,20.0,20.0,5,10.0,5.0,9.0,109.0,205.0,205.0,1,109.0,1-09,9.0,2-05,20.0,2-05,20.0,1-09,9.0,True,11.0
4.4-4.8,109071661,1~7,9.0,9.0,9.0,1,9.0,9.0,9.0,109.0,109.0,109.0,1,109.0,1-09,9.0,1-09,9.0,1-09,9.0,1-09,9.0,True,0.0
4.4-4.8,109071667,1~7,3.0,3.0,3.0,1,3.0,3.0,3.0,103.0,103.0,103.0,1,103.0,1-03,3.0,1-03,3.0,1-03,3.0,1-03,3.0,True,0.0
4.4-4.8,109071711,1~7,4.0,15.0,15.0,4,15.0,3.75,15.0,104.0,115.0,115.0,2,115.0,1-04,4.0,1-15,15.0,1-15,15.0,1-15,15.0,True,11.0
4.4-4.8,109071783,1~7,5.0,59.0,59.0,24,59.0,2.4583333333333335,,105.0,414.0,414.0,4,414.0,1-05,5.0,4-14,59.0,4-14,59.0,4-14,59.0,False,54.0
4.4-4.8,109071848,1~7,4.0,4.0,4.0,1,4.0,4.0,4.0,104.0,104.0,104.0,1,104.0,1-04,4.0,1-04,4.0,1-04,4.0,1-04,4.0,True,0.0
4.4-4.8,109071868,1~7,7.0,7.0,7.0,2,7.0,7.0,,107.0,107.0,107.0,1,107.0,1-07,7.0,1-07,7.0,1-07,7.0,1-07,7.0,False,0.0
4.4-4.8,109071886,1~7,8.0,42.0,42.0,16,38.0,2.533333333333333,,108.0,312.0,312.0,4,309.0,1-08,8.0,3-12,42.0,3-12,42.0,3-09,39.0,False,34.0
4.4-4.8,109071921,7~50,12.0,14.0,14.0,7,14.0,2.0,,112.0,114.0,114.0,5,112.0,1-12,12.0,1-14,14.0,1-14,14.0,1-12,12.0,False,2.0
4.4-4.8,109072063,100~300,12.0,12.0,12.0,1,12.0,12.0,12.0,112.0,112.0,112.0,1,112.0,1-12,12.0,1-12,12.0,1-12,12.0,1-12,12.0,True,0.0
4.4-4.8,109072103,1~7,9.0,9.0,9.0,2,9.0,4.5,9.0,109.0,109.0,109.0,2,109.0,1-09,9.0,1-09,9.0,1-09,9.0,1-09,9.0,True,0.0
4.4-4.8,109072115,7~50,7.0,14.0,14.0,3,14.0,4.666666666666667,14.0,107.0,114.0,114.0,1,107.0,1-07,7.0,1-14,14.0,1-14,14.0,1-07,7.0,True,7.0
4.4-4.8,109072233,50~100,9.0,30.0,30.0,23,28.0,1.2727272727272727,,109.0,215.0,215.0,4,210.0,1-09,9.0,2-15,30.0,2-15,30.0,2-10,25.0,False,21.0
4.4-4.8,109072274,1~7,8.0,11.0,11.0,3,11.0,5.5,11.0,108.0,111.0,111.0,1,108.0,1-08,8.0,1-11,11.0,1-11,11.0,1-08,8.0,True,3.0
4.4-4.8,109072465,1~7,9.0,15.0,15.0,9,15.0,1.6666666666666667,,109.0,115.0,115.0,5,115.0,1-09,9.0,1-15,15.0,1-15,15.0,1-15,15.0,False,6.0
4.4-4.8,109072489,1~7,11.0,11.0,11.0,2,11.0,5.5,11.0,111.0,111.0,111.0,2,111.0,1-11,11.0,1-11,11.0,1-11,11.0,1-11,11.0,True,0.0
4.4-4.8,109072507,1~7,14.0,14.0,14.0,2,14.0,7.0,14.0,114.0,114.0,114.0,2,114.0,1-14,14.0,1-14,14.0,1-14,14.0,1-14,14.0,True,0.0
4.4-4.8,109072521,1~7,4.0,4.0,4.0,2,4.0,4.0,4.0,104.0,104.0,104.0,1,104.0,1-04,4.0,1-04,4.0,1-04,4.0,1-04,4.0,True,0.0
4.4-4.8,109072553,1~7,12.0,13.0,13.0,4,12.0,6.0,12.0,112.0,113.0,113.0,2,112.0,1-12,12.0,1-13,13.0,1-13,13.0,1-12,12.0,True,1.0
4.4-4.8,109072560,1~7,8.0,17.0,17.0,4,17.0,4.25,17.0,108.0,202.0,202.0,2,112.0,1-08,8.0,2-02,17.0,2-02,17.0,1-12,12.0,True,9.0
4.4-4.8,109072656,1~7,3.0,3.0,3.0,1,3.0,3.0,3.0,103.0,103.0,103.0,1,103.0,1-03,3.0,1-03,3.0,1-03,3.0,1-03,3.0,True,0.0
4.4-4.8,109072718,300~+∞,10.0,15.0,15.0,8,15.0,1.875,,110.0,115.0,115.0,3,115.0,1-10,10.0,1-15,15.0,1-15,15.0,1-15,15.0,False,5.0
4.4-4.8,109072835,7~50,10.0,14.0,14.0,4,14.0,3.5,14.0,110.0,114.0,114.0,3,114.0,1-10,10.0,1-14,14.0,1-14,14.0,1-14,14.0,True,4.0
4.4-4.8,109072847,1~7,7.0,14.0,14.0,4,12.0,4.0,14.0,107.0,114.0,114.0,2,112.0,1-07,7.0,1-14,14.0,1-14,14.0,1-12,12.0,True,7.0
4.4-4.8,109072961,1~7,3.0,3.0,3.0,1,3.0,3.0,3.0,103.0,103.0,103.0,1,103.0,1-03,3.0,1-03,3.0,1-03,3.0,1-03,3.0,True,0.0
4.4-4.8,109073045,50~100,14.0,30.0,30.0,10,30.0,3.75,,114.0,215.0,215.0,3,115.0,1-14,14.0,2-15,30.0,2-15,30.0,1-15,15.0,False,16.0
4.4-4.8,109073070,1~7,12.0,12.0,12.0,5,12.0,3.0,12.0,112.0,112.0,112.0,4,112.0,1-12,12.0,1-12,12.0,1-12,12.0,1-12,12.0,True,0.0
4.4-4.8,109073128,1~7,1.0,1.0,1.0,1,1.0,1.0,1.0,101.0,101.0,101.0,1,101.0,1-01,1.0,1-01,1.0,1-01,1.0,1-01,1.0,True,0.0
4.4-4.8,109073219,50~100,12.0,12.0,12.0,1,12.0,12.0,12.0,112.0,112.0,112.0,1,112.0,1-12,12.0,1-12,12.0,1-12,12.0,1-12,12.0,True,0.0
4.4-4.8,109073325,1~7,5.0,5.0,5.0,1,5.0,5.0,5.0,105.0,105.0,105.0,1,105.0,1-05,5.0,1-05,5.0,1-05,5.0,1-05,5.0,True,0.0
4.4-4.8,109073469,7~50,12.0,12.0,12.0,2,12.0,6.0,12.0,112.0,112.0,112.0,2,112.0,1-12,12.0,1-12,12.0,1-12,12.0,1-12,12.0,True,0.0
4.4-4.8,109073726,7~50,12.0,12.0,12.0,1,12.0,12.0,12.0,112.0,112.0,112.0,1,112.0,1-12,12.0,1-12,12.0,1-12,12.0,1-12,12.0,True,0.0
4.4-4.8,109073976,1~7,5.0,18.0,18.0,7,15.0,3.75,12.0,105.0,203.0,203.0,1,105.0,1-05,5.0,2-03,18.0,2-03,18.0,1-05,5.0,True,13.0
4.4-4.8,109074080,1~7,6.0,6.0,6.0,1,6.0,6.0,6.0,106.0,106.0,106.0,1,106.0,1-06,6.0,1-06,6.0,1-06,6.0,1-06,6.0,True,0.0
4.4-4.8,109074227,1~7,9.0,9.0,9.0,1,9.0,9.0,9.0,109.0,109.0,109.0,1,109.0,1-09,9.0,1-09,9.0,1-09,9.0,1-09,9.0,True,0.0
4.4-4.8,109074305,1~7,3.0,3.0,3.0,1,3.0,3.0,3.0,103.0,103.0,103.0,1,103.0,1-03,3.0,1-03,3.0,1-03,3.0,1-03,3.0,True,0.0
4.4-4.8,109074440,1~7,10.0,10.0,10.0,1,10.0,10.0,10.0,110.0,110.0,110.0,1,110.0,1-10,10.0,1-10,10.0,1-10,10.0,1-10,10.0,True,0.0
4.4-4.8,109074446,1~7,9.0,14.0,14.0,2,14.0,7.0,14.0,109.0,114.0,114.0,1,109.0,1-09,9.0,1-14,14.0,1-14,14.0,1-09,9.0,True,5.0
4.4-4.8,109074510,7~50,14.0,57.0,57.0,16,57.0,4.071428571428571,,114.0,412.0,412.0,3,409.0,1-14,14.0,4-12,57.0,4-12,57.0,4-09,54.0,False,43.0
4.4-4.8,109074547,1~7,12.0,24.0,24.0,8,24.0,4.0,,112.0,209.0,209.0,3,209.0,1-12,12.0,2-09,24.0,2-09,24.0,2-09,24.0,False,12.0
4.4-4.8,109074630,7~50,4.0,4.0,4.0,1,4.0,4.0,4.0,104.0,104.0,104.0,1,104.0,1-04,4.0,1-04,4.0,1-04,4.0,1-04,4.0,True,0.0
4.4-4.8,109074766,1~7,9.0,19.0,19.0,19,19.0,1.1875,,109.0,204.0,204.0,10,204.0,1-09,9.0,2-04,19.0,2-04,19.0,2-04,19.0,False,10.0
4.4-4.8,109074910,1~7,10.0,10.0,10.0,1,10.0,10.0,10.0,110.0,110.0,110.0,1,110.0,1-10,10.0,1-10,10.0,1-10,10.0,1-10,10.0,True,0.0
4.4-4.8,109074927,1~7,3.0,3.0,3.0,1,3.0,3.0,3.0,103.0,103.0,103.0,1,103.0,1-03,3.0,1-03,3.0,1-03,3.0,1-03,3.0,True,0.0
4.4-4.8,109075043,7~50,12.0,24.0,24.0,5,24.0,4.8,24.0,112.0,209.0,209.0,2,209.0,1-12,12.0,2-09,24.0,2-09,24.0,2-09,24.0,True,12.0
4.4-4.8,109075056,1~7,3.0,3.0,3.0,1,3.0,3.0,3.0,103.0,103.0,103.0,1,103.0,1-03,3.0,1-03,3.0,1-03,3.0,1-03,3.0,True,0.0
4.4-4.8,109075152,50~100,10.0,65.0,65.0,19,64.0,3.5555555555555554,,110.0,505.0,505.0,2,214.0,1-10,10.0,5-05,65.0,5-05,65.0,2-14,29.0,False,55.0
4.4-4.8,109075176,1~7,13.0,14.0,14.0,3,13.0,6.5,14.0,113.0,114.0,114.0,2,113.0,1-13,13.0,1-14,14.0,1-14,14.0,1-13,13.0,True,1.0
4.4-4.8,109075265,7~50,12.0,31.0,31.0,9,31.0,3.4444444444444446,,112.0,301.0,301.0,3,209.0,1-12,12.0,3-01,31.0,3-01,31.0,2-09,24.0,False,19.0
4.4-4.8,109075276,1~7,3.0,3.0,3.0,2,3.0,3.0,3.0,103.0,103.0,103.0,1,103.0,1-03,3.0,1-03,3.0,1-03,3.0,1-03,3.0,True,0.0
4.4-4.8,109075287,1~7,7.0,7.0,7.0,1,7.0,7.0,7.0,107.0,107.0,107.0,1,107.0,1-07,7.0,1-07,7.0,1-07,7.0,1-07,7.0,True,0.0
4.4-4.8,109075411,7~50,12.0,21.0,21.0,14,20.0,1.8181818181818181,,112.0,206.0,206.0,6,204.0,1-12,12.0,2-06,21.0,2-06,21.0,2-04,19.0,False,9.0
4.4-4.8,109075499,1~7,12.0,32.0,32.0,13,21.0,2.3333333333333335,20.0,112.0,302.0,302.0,3,203.0,1-12,12.0,3-02,32.0,3-02,32.0,2-03,18.0,True,20.0
4.4-4.8,109075568,1~7,4.0,4.0,4.0,2,4.0,2.0,4.0,104.0,104.0,104.0,2,104.0,1-04,4.0,1-04,4.0,1-04,4.0,1-04,4.0,True,0.0
4.4-4.8,109075575,7~50,12.0,19.0,19.0,10,19.0,2.375,,112.0,204.0,204.0,2,112.0,1-12,12.0,2-04,19.0,2-04,19.0,1-12,12.0,False,7.0
4.4-4.8,109075792,100~300,15.0,74.0,74.0,10,74.0,7.4,,115.0,514.0,514.0,2,514.0,1-15,15.0,5-14,74.0,5-14,74.0,5-14,74.0,False,59.0
4.4-4.8,109075851,1~7,4.0,4.0,4.0,1,4.0,4.0,4.0,104.0,104.0,104.0,1,104.0,1-04,4.0,1-04,4.0,1-04,4.0,1-04,4.0,True,0.0
4.4-4.8,109075868,1~7,8.0,8.0,8.0,1,8.0,8.0,8.0,108.0,108.0,108.0,1,108.0,1-08,8.0,1-08,8.0,1-08,8.0,1-08,8.0,True,0.0
4.4-4.8,109075918,7~50,12.0,14.0,14.0,2,14.0,7.0,14.0,112.0,114.0,114.0,1,112.0,1-12,12.0,1-14,14.0,1-14,14.0,1-12,12.0,True,2.0
4.4-4.8,109075946,7~50,15.0,19.0,19.0,3,19.0,9.5,19.0,115.0,204.0,204.0,1,115.0,1-15,15.0,2-04,19.0,2-04,19.0,1-15,15.0,True,4.0
4.4-4.8,109076014,7~50,,32.0,32.0,22,17.0,0.8095238095238095,,115.0,302.0,302.0,7,215.0,1-15,15.0,3-02,32.0,3-02,32.0,2-15,30.0,False,
4.4-4.8,109076103,1~7,7.0,12.0,12.0,3,12.0,4.0,12.0,107.0,112.0,112.0,2,112.0,1-07,7.0,1-12,12.0,1-12,12.0,1-12,12.0,True,5.0
4.4-4.8,109076126,1~7,8.0,13.0,13.0,3,13.0,4.333333333333333,13.0,108.0,113.0,113.0,2,113.0,1-08,8.0,1-13,13.0,1-13,13.0,1-13,13.0,True,5.0
4.4-4.8,109076280,1~7,,12.0,12.0,1,0.0,,12.0,112.0,112.0,112.0,1,112.0,1-12,12.0,1-12,12.0,1-12,12.0,1-12,12.0,True,
4.4-4.8,109076298,7~50,6.0,9.0,9.0,2,6.0,6.0,9.0,106.0,109.0,109.0,1,106.0,1-06,6.0,1-09,9.0,1-09,9.0,1-06,6.0,True,3.0
4.4-4.8,109076457,7~50,12.0,19.0,19.0,2,12.0,12.0,,112.0,204.0,204.0,1,112.0,1-12,12.0,2-04,19.0,2-04,19.0,1-12,12.0,False,7.0
4.4-4.8,109076496,1~7,3.0,3.0,3.0,1,3.0,3.0,3.0,103.0,103.0,103.0,1,103.0,1-03,3.0,1-03,3.0,1-03,3.0,1-03,3.0,True,0.0
4.4-4.8,109076567,50~100,19.0,78.0,78.0,21,77.0,3.85,,204.0,603.0,603.0,5,506.0,2-04,19.0,6-03,78.0,6-03,78.0,5-06,66.0,False,59.0
4.4-4.8,109076599,1~7,10.0,10.0,10.0,1,10.0,10.0,10.0,110.0,110.0,110.0,1,110.0,1-10,10.0,1-10,10.0,1-10,10.0,1-10,10.0,True,0.0
4.4-4.8,109076607,1~7,10.0,10.0,10.0,1,10.0,10.0,10.0,110.0,110.0,110.0,1,110.0,1-10,10.0,1-10,10.0,1-10,10.0,1-10,10.0,True,0.0
4.4-4.8,109076633,1~7,4.0,4.0,4.0,1,4.0,4.0,4.0,104.0,104.0,104.0,1,104.0,1-04,4.0,1-04,4.0,1-04,4.0,1-04,4.0,True,0.0
4.4-4.8,109076728,1~7,11.0,11.0,11.0,1,11.0,11.0,11.0,111.0,111.0,111.0,1,111.0,1-11,11.0,1-11,11.0,1-11,11.0,1-11,11.0,True,0.0
4.4-4.8,109076786,100~300,5.0,10.0,10.0,2,10.0,5.0,10.0,105.0,110.0,110.0,1,105.0,1-05,5.0,1-10,10.0,1-10,10.0,1-05,5.0,True,5.0
4.4-4.8,109076994,1~7,5.0,5.0,5.0,1,5.0,5.0,5.0,105.0,105.0,105.0,1,105.0,1-05,5.0,1-05,5.0,1-05,5.0,1-05,5.0,True,0.0
4.4-4.8,109076997,1~7,8.0,8.0,8.0,1,8.0,8.0,8.0,108.0,108.0,108.0,1,108.0,1-08,8.0,1-08,8.0,1-08,8.0,1-08,8.0,True,0.0
4.4-4.8,109077018,100~300,4.0,4.0,4.0,1,4.0,4.0,4.0,104.0,104.0,104.0,1,104.0,1-04,4.0,1-04,4.0,1-04,4.0,1-04,4.0,True,0.0
4.4-4.8,109077038,7~50,19.0,24.0,24.0,6,24.0,4.0,,204.0,209.0,209.0,4,204.0,2-04,19.0,2-09,24.0,2-09,24.0,2-04,19.0,False,5.0
4.4-4.8,109077222,1~7,9.0,9.0,9.0,1,9.0,9.0,9.0,109.0,109.0,109.0,1,109.0,1-09,9.0,1-09,9.0,1-09,9.0,1-09,9.0,True,0.0
4.4-4.8,109077226,1~7,12.0,15.0,15.0,5,14.0,4.666666666666667,,112.0,115.0,115.0,2,112.0,1-12,12.0,1-15,15.0,1-15,15.0,1-12,12.0,False,3.0
4.4-4.8,109077324,1~7,5.0,5.0,5.0,1,5.0,5.0,5.0,105.0,105.0,105.0,1,105.0,1-05,5.0,1-05,5.0,1-05,5.0,1-05,5.0,True,0.0
4.4-4.8,109077422,1~7,8.0,8.0,8.0,1,8.0,8.0,8.0,108.0,108.0,108.0,1,108.0,1-08,8.0,1-08,8.0,1-08,8.0,1-08,8.0,True,0.0
4.4-4.8,109077471,7~50,4.0,4.0,4.0,1,4.0,4.0,4.0,104.0,104.0,104.0,1,104.0,1-04,4.0,1-04,4.0,1-04,4.0,1-04,4.0,True,0.0
4.4-4.8,109077579,1~7,12.0,34.0,34.0,12,30.0,3.3333333333333335,,112.0,304.0,304.0,3,209.0,1-12,12.0,3-04,34.0,3-04,34.0,2-09,24.0,False,22.0
4.4-4.8,109077652,1~7,7.0,19.0,19.0,3,19.0,6.333333333333333,19.0,107.0,204.0,204.0,1,107.0,1-07,7.0,2-04,19.0,2-04,19.0,1-07,7.0,True,12.0
4.4-4.8,109077697,7~50,15.0,15.0,15.0,3,15.0,7.5,15.0,115.0,115.0,115.0,2,115.0,1-15,15.0,1-15,15.0,1-15,15.0,1-15,15.0,True,0.0
4.4-4.8,109077767,1~7,7.0,12.0,12.0,4,12.0,3.0,12.0,107.0,112.0,112.0,1,107.0,1-07,7.0,1-12,12.0,1-12,12.0,1-07,7.0,True,5.0
4.4-4.8,109077825,1~7,3.0,3.0,3.0,1,3.0,3.0,3.0,103.0,103.0,103.0,1,103.0,1-03,3.0,1-03,3.0,1-03,3.0,1-03,3.0,True,0.0
4.4-4.8,109077880,50~100,12.0,19.0,19.0,2,19.0,9.5,19.0,112.0,204.0,204.0,1,112.0,1-12,12.0,2-04,19.0,2-04,19.0,1-12,12.0,True,7.0
4.4-4.8,109077884,1~7,5.0,5.0,5.0,1,5.0,5.0,5.0,105.0,105.0,105.0,1,105.0,1-05,5.0,1-05,5.0,1-05,5.0,1-05,5.0,True,0.0
4.4-4.8,109077940,1~7,7.0,24.0,24.0,17,24.0,1.5,17.0,107.0,209.0,209.0,6,209.0,1-07,7.0,2-09,24.0,2-09,24.0,2-09,24.0,True,17.0
4.4-4.8,109077991,100~300,19.0,102.0,102.0,22,102.0,4.636363636363637,,204.0,712.0,712.0,3,607.0,2-04,19.0,7-12,102.0,7-12,102.0,6-07,82.0,False,83.0
4.4-4.8,109078059,7~50,14.0,68.0,68.0,22,68.0,3.090909090909091,,114.0,508.0,508.0,3,405.0,1-14,14.0,5-08,68.0,5-08,68.0,4-05,50.0,False,54.0
4.4-4.8,109078356,7~50,14.0,15.0,15.0,2,15.0,7.5,15.0,114.0,115.0,115.0,1,114.0,1-14,14.0,1-15,15.0,1-15,15.0,1-14,14.0,True,1.0
4.4-4.8,109078523,1~7,4.0,10.0,10.0,3,10.0,5.0,,104.0,110.0,110.0,1,104.0,1-04,4.0,1-10,10.0,1-10,10.0,1-04,4.0,False,6.0
4.4-4.8,109078577,1~7,12.0,12.0,12.0,1,12.0,12.0,12.0,112.0,112.0,112.0,1,112.0,1-12,12.0,1-12,12.0,1-12,12.0,1-12,12.0,True,0.0
4.4-4.8,109079014,50~100,12.0,29.0,29.0,14,27.0,2.076923076923077,,112.0,214.0,214.0,3,210.0,1-12,12.0,2-14,29.0,2-14,29.0,2-10,25.0,False,17.0
4.4-4.8,109079199,50~100,10.0,12.0,12.0,6,12.0,2.4,12.0,110.0,112.0,112.0,3,110.0,1-10,10.0,1-12,12.0,1-12,12.0,1-10,10.0,True,2.0
4.4-4.8,109079419,1~7,2.0,2.0,2.0,1,2.0,2.0,2.0,102.0,102.0,102.0,1,102.0,1-02,2.0,1-02,2.0,1-02,2.0,1-02,2.0,True,0.0
4.4-4.8,109079452,1~7,8.0,8.0,8.0,1,8.0,8.0,8.0,108.0,108.0,108.0,1,108.0,1-08,8.0,1-08,8.0,1-08,8.0,1-08,8.0,True,0.0
4.4-4.8,109079511,7~50,2.0,2.0,2.0,1,2.0,2.0,2.0,102.0,102.0,102.0,1,102.0,1-02,2.0,1-02,2.0,1-02,2.0,1-02,2.0,True,0.0
4.4-4.8,109079550,1~7,10.0,44.0,44.0,22,44.0,2.0,,110.0,314.0,314.0,6,314.0,1-10,10.0,3-14,44.0,3-14,44.0,3-14,44.0,False,34.0
4.4-4.8,109079579,1~7,6.0,6.0,6.0,1,6.0,6.0,6.0,106.0,106.0,106.0,1,106.0,1-06,6.0,1-06,6.0,1-06,6.0,1-06,6.0,True,0.0
4.4-4.8,109079597,1~7,12.0,12.0,12.0,2,12.0,6.0,12.0,112.0,112.0,112.0,2,112.0,1-12,12.0,1-12,12.0,1-12,12.0,1-12,12.0,True,0.0
4.4-4.8,109079655,7~50,19.0,19.0,19.0,3,19.0,9.5,19.0,204.0,204.0,204.0,2,204.0,2-04,19.0,2-04,19.0,2-04,19.0,2-04,19.0,True,0.0
4.4-4.8,109079875,100~300,19.0,29.0,29.0,5,27.0,6.75,,204.0,214.0,214.0,2,209.0,2-04,19.0,2-14,29.0,2-14,29.0,2-09,24.0,False,10.0
4.4-4.8,109080040,1~7,3.0,3.0,3.0,1,3.0,3.0,3.0,103.0,103.0,103.0,1,103.0,1-03,3.0,1-03,3.0,1-03,3.0,1-03,3.0,True,0.0
4.4-4.8,109080068,1~7,12.0,24.0,24.0,9,24.0,3.0,,112.0,209.0,209.0,3,209.0,1-12,12.0,2-09,24.0,2-09,24.0,2-09,24.0,False,12.0
4.4-4.8,109080099,1~7,9.0,10.0,10.0,2,10.0,5.0,10.0,109.0,110.0,110.0,1,109.0,1-09,9.0,1-10,10.0,1-10,10.0,1-09,9.0,True,1.0
4.4-4.8,109080148,1~7,12.0,61.0,61.0,10,61.0,6.1,,112.0,501.0,501.0,4,501.0,1-12,12.0,5-01,61.0,5-01,61.0,5-01,61.0,False,49.0
4.4-4.8,109080441,7~50,12.0,30.0,30.0,18,29.0,1.8125,,112.0,215.0,215.0,4,204.0,1-12,12.0,2-15,30.0,2-15,30.0,2-04,19.0,False,18.0
4.4-4.8,109080622,7~50,12.0,34.0,34.0,16,33.0,3.0,,112.0,304.0,304.0,2,205.0,1-12,12.0,3-04,34.0,3-04,34.0,2-05,20.0,False,22.0
4.4-4.8,109080915,1~7,9.0,12.0,12.0,2,12.0,6.0,12.0,109.0,112.0,112.0,1,109.0,1-09,9.0,1-12,12.0,1-12,12.0,1-09,9.0,True,3.0
4.4-4.8,109081181,1~7,12.0,13.0,13.0,6,13.0,3.25,13.0,112.0,113.0,113.0,3,113.0,1-12,12.0,1-13,13.0,1-13,13.0,1-13,13.0,True,1.0
4.4-4.8,109081275,1~7,11.0,39.0,39.0,10,39.0,3.9,,111.0,309.0,309.0,3,309.0,1-11,11.0,3-09,39.0,3-09,39.0,3-09,39.0,False,28.0
4.4-4.8,109081309,1~7,10.0,14.0,14.0,5,13.0,3.25,,110.0,114.0,114.0,2,113.0,1-10,10.0,1-14,14.0,1-14,14.0,1-13,13.0,False,4.0
4.4-4.8,109081375,1~7,12.0,13.0,13.0,3,13.0,4.333333333333333,13.0,112.0,113.0,113.0,2,113.0,1-12,12.0,1-13,13.0,1-13,13.0,1-13,13.0,True,1.0
4.4-4.8,109081381,7~50,12.0,19.0,19.0,9,19.0,2.7142857142857144,,112.0,204.0,204.0,5,204.0,1-12,12.0,2-04,19.0,2-04,19.0,2-04,19.0,False,7.0
4.4-4.8,109081390,7~50,19.0,77.0,77.0,21,77.0,3.6666666666666665,,204.0,602.0,602.0,3,509.0,2-04,19.0,6-02,77.0,6-02,77.0,5-09,69.0,False,58.0
4.4-4.8,109081617,1~7,12.0,13.0,13.0,3,13.0,4.333333333333333,13.0,112.0,113.0,113.0,2,112.0,1-12,12.0,1-13,13.0,1-13,13.0,1-12,12.0,True,1.0
4.4-4.8,109081629,50~100,22.0,22.0,22.0,2,22.0,11.0,22.0,207.0,207.0,207.0,2,207.0,2-07,22.0,2-07,22.0,2-07,22.0,2-07,22.0,True,0.0
4.4-4.8,109081636,1~7,12.0,34.0,34.0,18,34.0,2.0,,112.0,304.0,304.0,4,303.0,1-12,12.0,3-04,34.0,3-04,34.0,3-03,33.0,False,22.0
4.4-4.8,109081704,1~7,8.0,8.0,8.0,1,8.0,8.0,8.0,108.0,108.0,108.0,1,108.0,1-08,8.0,1-08,8.0,1-08,8.0,1-08,8.0,True,0.0
4.4-4.8,109081740,7~50,19.0,39.0,39.0,8,39.0,5.571428571428571,34.0,204.0,309.0,309.0,2,309.0,2-04,19.0,3-09,39.0,3-09,39.0,3-09,39.0,True,20.0
4.4-4.8,109081805,1~7,6.0,6.0,6.0,1,6.0,6.0,6.0,106.0,106.0,106.0,1,106.0,1-06,6.0,1-06,6.0,1-06,6.0,1-06,6.0,True,0.0
4.4-4.8,109081856,1~7,6.0,13.0,13.0,5,10.0,2.5,,106.0,113.0,113.0,2,113.0,1-06,6.0,1-13,13.0,1-13,13.0,1-13,13.0,False,7.0
4.4-4.8,109081871,1~7,9.0,9.0,9.0,1,9.0,9.0,9.0,109.0,109.0,109.0,1,109.0,1-09,9.0,1-09,9.0,1-09,9.0,1-09,9.0,True,0.0
4.4-4.8,109081887,1~7,12.0,17.0,17.0,2,17.0,8.5,17.0,112.0,202.0,202.0,1,112.0,1-12,12.0,2-02,17.0,2-02,17.0,1-12,12.0,True,5.0
4.4-4.8,109081933,100~300,19.0,69.0,69.0,15,69.0,4.6,,204.0,509.0,509.0,3,409.0,2-04,19.0,5-09,69.0,5-09,69.0,4-09,54.0,False,50.0
4.4-4.8,109081976,1~7,12.0,13.0,13.0,2,13.0,6.5,13.0,112.0,113.0,113.0,1,112.0,1-12,12.0,1-13,13.0,1-13,13.0,1-12,12.0,True,1.0
4.4-4.8,109081978,100~300,3.0,3.0,3.0,1,3.0,3.0,3.0,103.0,103.0,103.0,1,103.0,1-03,3.0,1-03,3.0,1-03,3.0,1-03,3.0,True,0.0
4.4-4.8,109081992,100~300,12.0,74.0,74.0,20,74.0,3.8947368421052633,,112.0,514.0,514.0,4,512.0,1-12,12.0,5-14,74.0,5-14,74.0,5-12,72.0,False,62.0
4.4-4.8,109082055,7~50,9.0,19.0,19.0,8,16.0,2.6666666666666665,,109.0,204.0,204.0,4,204.0,1-09,9.0,2-04,19.0,2-04,19.0,2-04,19.0,False,10.0
4.4-4.8,109082156,7~50,12.0,29.0,29.0,3,29.0,9.666666666666666,29.0,112.0,214.0,214.0,1,112.0,1-12,12.0,2-14,29.0,2-14,29.0,1-12,12.0,True,17.0
4.4-4.8,109082194,7~50,14.0,38.0,38.0,7,38.0,5.428571428571429,,114.0,308.0,308.0,1,114.0,1-14,14.0,3-08,38.0,3-08,38.0,1-14,14.0,False,24.0
4.4-4.8,109082334,7~50,10.0,10.0,10.0,2,10.0,10.0,10.0,110.0,110.0,110.0,1,110.0,1-10,10.0,1-10,10.0,1-10,10.0,1-10,10.0,True,0.0
4.4-4.8,109082439,1~7,7.0,24.0,24.0,10,22.0,2.75,,107.0,209.0,209.0,2,209.0,1-07,7.0,2-09,24.0,2-09,24.0,2-09,24.0,False,17.0
4.4-4.8,109082497,100~300,19.0,24.0,24.0,3,24.0,8.0,24.0,204.0,209.0,209.0,2,209.0,2-04,19.0,2-09,24.0,2-09,24.0,2-09,24.0,True,5.0
4.4-4.8,109082564,1~7,2.0,14.0,14.0,8,9.0,1.8,9.0,102.0,114.0,114.0,2,108.0,1-02,2.0,1-14,14.0,1-14,14.0,1-08,8.0,True,12.0
4.4-4.8,109082615,1~7,9.0,9.0,9.0,1,9.0,9.0,9.0,109.0,109.0,109.0,1,109.0,1-09,9.0,1-09,9.0,1-09,9.0,1-09,9.0,True,0.0
4.4-4.8,109082708,7~50,7.0,7.0,7.0,1,7.0,7.0,7.0,107.0,107.0,107.0,1,107.0,1-07,7.0,1-07,7.0,1-07,7.0,1-07,7.0,True,0.0
4.4-4.8,109082744,1~7,3.0,3.0,3.0,1,3.0,3.0,3.0,103.0,103.0,103.0,1,103.0,1-03,3.0,1-03,3.0,1-03,3.0,1-03,3.0,True,0.0
4.4-4.8,109082788,1~7,6.0,6.0,6.0,1,6.0,6.0,6.0,106.0,106.0,106.0,1,106.0,1-06,6.0,1-06,6.0,1-06,6.0,1-06,6.0,True,0.0
4.4-4.8,109082855,1~7,12.0,76.0,76.0,20,76.0,3.8,,112.0,601.0,601.0,6,511.0,1-12,12.0,6-01,76.0,6-01,76.0,5-11,71.0,False,64.0
4.4-4.8,109082866,7~50,12.0,19.0,19.0,4,19.0,6.333333333333333,19.0,112.0,204.0,204.0,2,204.0,1-12,12.0,2-04,19.0,2-04,19.0,2-04,19.0,True,7.0
4.4-4.8,109082985,7~50,6.0,7.0,7.0,2,7.0,3.5,7.0,106.0,107.0,107.0,1,106.0,1-06,6.0,1-07,7.0,1-07,7.0,1-06,6.0,True,1.0
4.4-4.8,109082989,1~7,6.0,12.0,12.0,3,9.0,4.5,12.0,106.0,112.0,112.0,1,106.0,1-06,6.0,1-12,12.0,1-12,12.0,1-06,6.0,True,6.0
4.4-4.8,109083035,7~50,8.0,8.0,8.0,1,8.0,8.0,8.0,108.0,108.0,108.0,1,108.0,1-08,8.0,1-08,8.0,1-08,8.0,1-08,8.0,True,0.0
4.4-4.8,109083054,7~50,9.0,9.0,9.0,1,9.0,9.0,9.0,109.0,109.0,109.0,1,109.0,1-09,9.0,1-09,9.0,1-09,9.0,1-09,9.0,True,0.0
4.4-4.8,109083129,100~300,6.0,6.0,6.0,1,6.0,6.0,6.0,106.0,106.0,106.0,1,106.0,1-06,6.0,1-06,6.0,1-06,6.0,1-06,6.0,True,0.0
4.4-4.8,109083204,1~7,4.0,6.0,6.0,2,4.0,4.0,6.0,104.0,106.0,106.0,1,104.0,1-04,4.0,1-06,6.0,1-06,6.0,1-04,4.0,True,2.0
4.4-4.8,109083249,7~50,8.0,9.0,9.0,3,8.0,4.0,9.0,108.0,109.0,109.0,2,109.0,1-08,8.0,1-09,9.0,1-09,9.0,1-09,9.0,True,1.0
4.4-4.8,109083532,7~50,7.0,11.0,11.0,3,11.0,3.6666666666666665,11.0,107.0,111.0,111.0,1,107.0,1-07,7.0,1-11,11.0,1-11,11.0,1-07,7.0,True,4.0
4.4-4.8,109083662,7~50,4.0,4.0,4.0,1,4.0,4.0,4.0,104.0,104.0,104.0,1,104.0,1-04,4.0,1-04,4.0,1-04,4.0,1-04,4.0,True,0.0
4.4-4.8,109083869,1~7,6.0,6.0,6.0,1,6.0,6.0,6.0,106.0,106.0,106.0,1,106.0,1-06,6.0,1-06,6.0,1-06,6.0,1-06,6.0,True,0.0
4.4-4.8,109083872,1~7,6.0,10.0,10.0,12,10.0,1.25,10.0,106.0,110.0,110.0,4,110.0,1-06,6.0,1-10,10.0,1-10,10.0,1-10,10.0,True,4.0
4.4-4.8,109083919,1~7,9.0,14.0,14.0,3,9.0,9.0,12.0,109.0,114.0,114.0,1,109.0,1-09,9.0,1-14,14.0,1-14,14.0,1-09,9.0,True,5.0
4.4-4.8,109083984,1~7,6.0,6.0,6.0,1,6.0,6.0,6.0,106.0,106.0,106.0,1,106.0,1-06,6.0,1-06,6.0,1-06,6.0,1-06,6.0,True,0.0
4.4-4.8,109084019,1~7,6.0,12.0,12.0,5,12.0,3.0,,106.0,112.0,112.0,3,112.0,1-06,6.0,1-12,12.0,1-12,12.0,1-12,12.0,False,6.0
4.4-4.8,109084021,7~50,10.0,19.0,19.0,2,19.0,9.5,19.0,110.0,204.0,204.0,1,110.0,1-10,10.0,2-04,19.0,2-04,19.0,1-10,10.0,True,9.0
4.4-4.8,109084220,100~300,4.0,4.0,4.0,1,4.0,4.0,4.0,104.0,104.0,104.0,1,104.0,1-04,4.0,1-04,4.0,1-04,4.0,1-04,4.0,True,0.0
4.4-4.8,109084312,1~7,,,,0,0.0,,-15.0,,,,0,,,,,,,,,,True,
4.4-4.8,109084445,1~7,2.0,4.0,4.0,6,4.0,0.6666666666666666,,102.0,104.0,104.0,5,104.0,1-02,2.0,1-04,4.0,1-04,4.0,1-04,4.0,False,2.0
4.4-4.8,109084544,1~7,10.0,12.0,12.0,2,12.0,6.0,12.0,110.0,112.0,112.0,1,110.0,1-10,10.0,1-12,12.0,1-12,12.0,1-10,10.0,True,2.0
4.4-4.8,109084545,1~7,12.0,19.0,19.0,4,19.0,4.75,19.0,112.0,204.0,204.0,2,112.0,1-12,12.0,2-04,19.0,2-04,19.0,1-12,12.0,True,7.0
4.4-4.8,109084575,1~7,12.0,39.0,39.0,18,39.0,2.1666666666666665,,112.0,309.0,309.0,5,303.0,1-12,12.0,3-09,39.0,3-09,39.0,3-03,33.0,False,27.0
4.4-4.8,109084760,1~7,12.0,41.0,41.0,18,41.0,2.2777777777777777,,112.0,311.0,311.0,6,310.0,1-12,12.0,3-11,41.0,3-11,41.0,3-10,40.0,False,29.0
4.4-4.8,109084873,7~50,12.0,14.0,14.0,3,14.0,7.0,14.0,112.0,114.0,114.0,1,112.0,1-12,12.0,1-14,14.0,1-14,14.0,1-12,12.0,True,2.0
4.4-4.8,109084977,1~7,3.0,4.0,4.0,2,4.0,2.0,4.0,103.0,104.0,104.0,1,103.0,1-03,3.0,1-04,4.0,1-04,4.0,1-03,3.0,True,1.0
4.4-4.8,109084985,7~50,14.0,49.0,49.0,10,49.0,4.9,,114.0,404.0,404.0,2,209.0,1-14,14.0,4-04,49.0,4-04,49.0,2-09,24.0,False,35.0
4.4-4.8,109084990,7~50,14.0,18.0,18.0,3,18.0,9.0,18.0,114.0,203.0,203.0,1,114.0,1-14,14.0,2-03,18.0,2-03,18.0,1-14,14.0,True,4.0
4.4-4.8,109085120,1~7,9.0,11.0,11.0,3,11.0,3.6666666666666665,11.0,109.0,111.0,111.0,1,109.0,1-09,9.0,1-11,11.0,1-11,11.0,1-09,9.0,True,2.0
4.4-4.8,109085312,1~7,11.0,11.0,11.0,1,11.0,11.0,11.0,111.0,111.0,111.0,1,111.0,1-11,11.0,1-11,11.0,1-11,11.0,1-11,11.0,True,0.0
4.4-4.8,109085346,1~7,10.0,24.0,24.0,17,23.0,1.6428571428571428,,110.0,209.0,209.0,3,209.0,1-10,10.0,2-09,24.0,2-09,24.0,2-09,24.0,False,14.0
4.4-4.8,109085535,7~50,12.0,19.0,19.0,5,19.0,3.8,19.0,112.0,204.0,204.0,4,204.0,1-12,12.0,2-04,19.0,2-04,19.0,2-04,19.0,True,7.0
4.4-4.8,109085553,7~50,13.0,71.0,71.0,20,71.0,3.55,,113.0,511.0,511.0,3,502.0,1-13,13.0,5-11,71.0,5-11,71.0,5-02,62.0,False,58.0
4.4-4.8,109085554,1~7,17.0,39.0,39.0,10,39.0,3.9,,202.0,309.0,309.0,4,309.0,2-02,17.0,3-09,39.0,3-09,39.0,3-09,39.0,False,22.0
4.4-4.8,109085704,7~50,11.0,21.0,21.0,9,21.0,2.3333333333333335,,111.0,206.0,206.0,3,115.0,1-11,11.0,2-06,21.0,2-06,21.0,1-15,15.0,False,10.0
4.4-4.8,109085781,1~7,12.0,12.0,12.0,3,12.0,6.0,12.0,112.0,112.0,112.0,2,112.0,1-12,12.0,1-12,12.0,1-12,12.0,1-12,12.0,True,0.0
4.4-4.8,109085825,1~7,6.0,12.0,12.0,3,12.0,6.0,12.0,106.0,112.0,112.0,1,106.0,1-06,6.0,1-12,12.0,1-12,12.0,1-06,6.0,True,6.0
4.4-4.8,109085849,7~50,12.0,53.0,53.0,20,53.0,2.65,,112.0,408.0,408.0,3,305.0,1-12,12.0,4-08,53.0,4-08,53.0,3-05,35.0,False,41.0
4.4-4.8,109086121,7~50,11.0,11.0,11.0,2,11.0,5.5,11.0,111.0,111.0,111.0,2,111.0,1-11,11.0,1-11,11.0,1-11,11.0,1-11,11.0,True,0.0
4.4-4.8,109086246,7~50,6.0,6.0,6.0,1,6.0,6.0,6.0,106.0,106.0,106.0,1,106.0,1-06,6.0,1-06,6.0,1-06,6.0,1-06,6.0,True,0.0
4.4-4.8,109086304,1~7,4.0,4.0,4.0,1,4.0,4.0,4.0,104.0,104.0,104.0,1,104.0,1-04,4.0,1-04,4.0,1-04,4.0,1-04,4.0,True,0.0
4.4-4.8,109086430,1~7,9.0,30.0,30.0,18,28.0,1.6470588235294117,,109.0,215.0,215.0,5,214.0,1-09,9.0,2-15,30.0,2-15,30.0,2-14,29.0,False,21.0
4.4-4.8,109086504,1~7,5.0,7.0,7.0,3,6.0,3.0,7.0,105.0,107.0,107.0,1,105.0,1-05,5.0,1-07,7.0,1-07,7.0,1-05,5.0,True,2.0
4.4-4.8,109086931,1~7,6.0,20.0,20.0,9,20.0,2.5,,106.0,205.0,205.0,3,205.0,1-06,6.0,2-05,20.0,2-05,20.0,2-05,20.0,False,14.0
4.4-4.8,109086943,1~7,4.0,14.0,14.0,5,4.0,4.0,,104.0,114.0,114.0,1,104.0,1-04,4.0,1-14,14.0,1-14,14.0,1-04,4.0,False,10.0
4.4-4.8,109087040,1~7,7.0,14.0,14.0,5,12.0,3.0,12.0,107.0,114.0,114.0,2,110.0,1-07,7.0,1-14,14.0,1-14,14.0,1-10,10.0,True,7.0
4.4-4.8,109087117,100~300,5.0,30.0,30.0,15,22.0,2.2,,105.0,215.0,215.0,3,115.0,1-05,5.0,2-15,30.0,2-15,30.0,1-15,15.0,False,25.0
4.4-4.8,109087137,7~50,,39.0,39.0,10,16.0,1.7777777777777777,,208.0,309.0,309.0,2,209.0,2-08,23.0,3-09,39.0,3-09,39.0,2-09,24.0,False,
4.4-4.8,109087147,1~7,8.0,12.0,12.0,2,12.0,6.0,12.0,108.0,112.0,112.0,1,108.0,1-08,8.0,1-12,12.0,1-12,12.0,1-08,8.0,True,4.0
4.4-4.8,109087337,1~7,,13.0,13.0,3,0.0,0.0,,113.0,113.0,113.0,2,113.0,1-13,13.0,1-13,13.0,1-13,13.0,1-13,13.0,False,
4.4-4.8,109087479,1~7,2.0,13.0,13.0,3,13.0,4.333333333333333,13.0,102.0,113.0,113.0,2,113.0,1-02,2.0,1-13,13.0,1-13,13.0,1-13,13.0,True,11.0
4.4-4.8,109088123,7~50,19.0,54.0,54.0,19,54.0,2.8421052631578947,,204.0,409.0,409.0,7,409.0,2-04,19.0,4-09,54.0,4-09,54.0,4-09,54.0,False,35.0
4.4-4.8,109088308,100~300,18.0,54.0,54.0,8,54.0,6.75,,203.0,409.0,409.0,3,409.0,2-03,18.0,4-09,54.0,4-09,54.0,4-09,54.0,False,36.0
4.4-4.8,109089424,7~50,7.0,30.0,30.0,13,30.0,2.5,,107.0,215.0,215.0,4,215.0,1-07,7.0,2-15,30.0,2-15,30.0,2-15,30.0,False,23.0
4.4-4.8,109093981,100~300,22.0,87.0,87.0,12,87.0,7.25,,207.0,612.0,612.0,3,601.0,2-07,22.0,6-12,87.0,6-12,87.0,6-01,76.0,False,65.0
4.4-4.8,109099253,7~50,15.0,31.0,31.0,5,31.0,6.2,31.0,115.0,301.0,301.0,3,301.0,1-15,15.0,3-01,31.0,3-01,31.0,3-01,31.0,True,16.0
4.4-4.8,109101221,1~7,9.0,9.0,9.0,1,9.0,9.0,9.0,109.0,109.0,109.0,1,109.0,1-09,9.0,1-09,9.0,1-09,9.0,1-09,9.0,True,0.0
1.13-1.15,108963161,50~100,10.0,51.0,51.0,23,47.0,2.1363636363636362,,110.0,406.0,406.0,3,204.0,1-10,10.0,4-06,51.0,4-06,51.0,2-04,19.0,False,41.0
1.13-1.15,108963268,7~50,7.0,32.0,32.0,15,29.0,2.230769230769231,15.0,107.0,302.0,302.0,3,209.0,1-07,7.0,3-02,32.0,3-02,32.0,2-09,24.0,True,25.0
1.13-1.15,108963314,1~7,12.0,79.0,79.0,24,79.0,3.2916666666666665,,112.0,604.0,604.0,3,414.0,1-12,12.0,6-04,79.0,6-04,79.0,4-14,59.0,False,67.0
1.13-1.15,108963591,50~100,8.0,20.0,20.0,5,20.0,4.0,20.0,108.0,205.0,205.0,2,205.0,1-08,8.0,2-05,20.0,2-05,20.0,2-05,20.0,True,12.0
1.13-1.15,108963593,1~7,10.0,37.0,37.0,24,37.0,1.5416666666666667,,110.0,307.0,307.0,4,204.0,1-10,10.0,3-07,37.0,3-07,37.0,2-04,19.0,False,27.0
1.13-1.15,108963703,7~50,19.0,44.0,44.0,8,44.0,5.5,,204.0,314.0,314.0,2,314.0,2-04,19.0,3-14,44.0,3-14,44.0,3-14,44.0,False,25.0
1.13-1.15,108963705,1~7,9.0,81.0,81.0,24,81.0,3.375,,109.0,606.0,606.0,4,509.0,1-09,9.0,6-06,81.0,6-06,81.0,5-09,69.0,False,72.0
1.13-1.15,108963720,50~100,9.0,15.0,15.0,6,15.0,2.5,,109.0,115.0,115.0,2,111.0,1-09,9.0,1-15,15.0,1-15,15.0,1-11,11.0,False,6.0
1.13-1.15,108964042,1~7,6.0,10.0,10.0,3,10.0,3.3333333333333335,10.0,106.0,110.0,110.0,1,106.0,1-06,6.0,1-10,10.0,1-10,10.0,1-06,6.0,True,4.0
1.13-1.15,108964503,1~7,10.0,16.0,16.0,11,16.0,1.4545454545454546,,110.0,201.0,201.0,3,115.0,1-10,10.0,2-01,16.0,2-01,16.0,1-15,15.0,False,6.0
1.13-1.15,108964551,1~7,2.0,3.0,3.0,2,3.0,1.5,3.0,102.0,103.0,103.0,1,102.0,1-02,2.0,1-03,3.0,1-03,3.0,1-02,2.0,True,1.0
1.13-1.15,108964576,1~7,6.0,6.0,6.0,1,6.0,6.0,6.0,106.0,106.0,106.0,1,106.0,1-06,6.0,1-06,6.0,1-06,6.0,1-06,6.0,True,0.0
1.13-1.15,108964627,1~7,6.0,7.0,7.0,2,6.0,6.0,7.0,106.0,107.0,107.0,1,106.0,1-06,6.0,1-07,7.0,1-07,7.0,1-06,6.0,True,1.0
1.13-1.15,108964657,1~7,12.0,12.0,12.0,2,12.0,6.0,12.0,112.0,112.0,112.0,2,112.0,1-12,12.0,1-12,12.0,1-12,12.0,1-12,12.0,True,0.0
1.13-1.15,108964722,1~7,9.0,15.0,15.0,3,15.0,5.0,15.0,109.0,115.0,115.0,1,109.0,1-09,9.0,1-15,15.0,1-15,15.0,1-09,9.0,True,6.0
1.13-1.15,108964788,1~7,2.0,2.0,2.0,2,2.0,2.0,2.0,102.0,102.0,102.0,1,102.0,1-02,2.0,1-02,2.0,1-02,2.0,1-02,2.0,True,0.0
1.13-1.15,108964861,7~50,9.0,13.0,13.0,4,12.0,4.0,13.0,109.0,113.0,113.0,2,113.0,1-09,9.0,1-13,13.0,1-13,13.0,1-13,13.0,True,4.0
1.13-1.15,108964988,1~7,7.0,13.0,13.0,3,13.0,4.333333333333333,13.0,107.0,113.0,113.0,1,107.0,1-07,7.0,1-13,13.0,1-13,13.0,1-07,7.0,True,6.0
1.13-1.15,108964996,1~7,9.0,16.0,16.0,21,15.0,0.75,,109.0,201.0,201.0,13,115.0,1-09,9.0,2-01,16.0,2-01,16.0,1-15,15.0,False,7.0
1.13-1.15,108965004,7~50,12.0,39.0,39.0,7,39.0,6.5,,112.0,309.0,309.0,2,302.0,1-12,12.0,3-09,39.0,3-09,39.0,3-02,32.0,False,27.0
1.13-1.15,108965066,7~50,6.0,19.0,19.0,8,16.0,3.2,15.0,106.0,204.0,204.0,1,106.0,1-06,6.0,2-04,19.0,2-04,19.0,1-06,6.0,True,13.0
1.13-1.15,108965114,1~7,6.0,6.0,6.0,2,6.0,3.0,6.0,106.0,106.0,106.0,2,106.0,1-06,6.0,1-06,6.0,1-06,6.0,1-06,6.0,True,0.0
1.13-1.15,108965174,7~50,4.0,4.0,4.0,1,4.0,4.0,4.0,104.0,104.0,104.0,1,104.0,1-04,4.0,1-04,4.0,1-04,4.0,1-04,4.0,True,0.0
1.13-1.15,108965190,1~7,6.0,12.0,12.0,7,8.0,2.6666666666666665,8.0,106.0,112.0,112.0,2,108.0,1-06,6.0,1-12,12.0,1-12,12.0,1-08,8.0,True,6.0
1.13-1.15,108965211,7~50,1.0,1.0,1.0,1,1.0,1.0,1.0,101.0,101.0,101.0,1,101.0,1-01,1.0,1-01,1.0,1-01,1.0,1-01,1.0,True,0.0
1.13-1.15,108965538,1~7,3.0,34.0,34.0,12,34.0,3.090909090909091,,103.0,304.0,304.0,4,304.0,1-03,3.0,3-04,34.0,3-04,34.0,3-04,34.0,False,31.0
1.13-1.15,108965543,100~300,13.0,15.0,15.0,2,15.0,7.5,15.0,113.0,115.0,115.0,1,113.0,1-13,13.0,1-15,15.0,1-15,15.0,1-13,13.0,True,2.0
1.13-1.15,108965600,1~7,7.0,78.0,78.0,24,78.0,3.25,,107.0,603.0,603.0,3,514.0,1-07,7.0,6-03,78.0,6-03,78.0,5-14,74.0,False,71.0
1.13-1.15,108965664,7~50,12.0,102.0,102.0,24,102.0,4.25,,112.0,712.0,712.0,4,707.0,1-12,12.0,7-12,102.0,7-12,102.0,7-07,97.0,False,90.0
1.13-1.15,108965928,1~7,7.0,7.0,7.0,1,7.0,7.0,7.0,107.0,107.0,107.0,1,107.0,1-07,7.0,1-07,7.0,1-07,7.0,1-07,7.0,True,0.0
1.13-1.15,108966093,1~7,3.0,10.0,10.0,3,10.0,3.3333333333333335,10.0,103.0,110.0,110.0,2,110.0,1-03,3.0,1-10,10.0,1-10,10.0,1-10,10.0,True,7.0
1.13-1.15,108966177,7~50,6.0,9.0,9.0,2,9.0,4.5,9.0,106.0,109.0,109.0,1,106.0,1-06,6.0,1-09,9.0,1-09,9.0,1-06,6.0,True,3.0
1.13-1.15,108966226,1~7,,19.0,19.0,2,7.0,7.0,19.0,112.0,204.0,204.0,1,112.0,1-12,12.0,2-04,19.0,2-04,19.0,1-12,12.0,True,
1.13-1.15,108966231,1~7,3.0,8.0,8.0,2,8.0,4.0,8.0,103.0,108.0,108.0,1,103.0,1-03,3.0,1-08,8.0,1-08,8.0,1-03,3.0,True,5.0
1.13-1.15,108966472,50~100,19.0,94.0,94.0,24,94.0,3.9166666666666665,,204.0,704.0,704.0,4,607.0,2-04,19.0,7-04,94.0,7-04,94.0,6-07,82.0,False,75.0
1.13-1.15,108966486,300~+∞,15.0,19.0,19.0,2,19.0,9.5,19.0,115.0,204.0,204.0,1,115.0,1-15,15.0,2-04,19.0,2-04,19.0,1-15,15.0,True,4.0
1.13-1.15,108966495,7~50,8.0,15.0,15.0,6,15.0,3.0,,108.0,115.0,115.0,2,112.0,1-08,8.0,1-15,15.0,1-15,15.0,1-12,12.0,False,7.0
1.13-1.15,108966510,7~50,19.0,74.0,74.0,22,70.0,3.5,,204.0,514.0,514.0,2,415.0,2-04,19.0,5-14,74.0,5-14,74.0,4-15,60.0,False,55.0
1.13-1.15,108966695,1~7,19.0,24.0,24.0,6,24.0,4.8,,204.0,209.0,209.0,3,204.0,2-04,19.0,2-09,24.0,2-09,24.0,2-04,19.0,False,5.0
1.13-1.15,108966712,1~7,13.0,69.0,69.0,20,69.0,3.45,,113.0,509.0,509.0,4,501.0,1-13,13.0,5-09,69.0,5-09,69.0,5-01,61.0,False,56.0
1.13-1.15,108966783,1~7,6.0,12.0,12.0,4,10.0,3.3333333333333335,,106.0,112.0,112.0,2,106.0,1-06,6.0,1-12,12.0,1-12,12.0,1-06,6.0,False,6.0
1.13-1.15,108966820,1~7,3.0,3.0,3.0,1,3.0,3.0,3.0,103.0,103.0,103.0,1,103.0,1-03,3.0,1-03,3.0,1-03,3.0,1-03,3.0,True,0.0
1.13-1.15,108966838,1~7,11.0,12.0,12.0,2,11.0,11.0,12.0,111.0,112.0,112.0,1,111.0,1-11,11.0,1-12,12.0,1-12,12.0,1-11,11.0,True,1.0
1.13-1.15,108966913,1~7,10.0,19.0,19.0,4,19.0,4.75,19.0,110.0,204.0,204.0,2,204.0,1-10,10.0,2-04,19.0,2-04,19.0,2-04,19.0,True,9.0
1.13-1.15,108966933,100~300,12.0,20.0,20.0,9,20.0,2.2222222222222223,,112.0,205.0,205.0,3,114.0,1-12,12.0,2-05,20.0,2-05,20.0,1-14,14.0,False,8.0
1.13-1.15,108966978,1~7,12.0,12.0,12.0,1,12.0,12.0,12.0,112.0,112.0,112.0,1,112.0,1-12,12.0,1-12,12.0,1-12,12.0,1-12,12.0,True,0.0
1.13-1.15,108967239,1~7,7.0,35.0,35.0,24,35.0,1.4583333333333333,,107.0,305.0,305.0,5,215.0,1-07,7.0,3-05,35.0,3-05,35.0,2-15,30.0,False,28.0
1.13-1.15,108967581,1~7,10.0,11.0,11.0,2,10.0,10.0,10.0,110.0,111.0,111.0,1,110.0,1-10,10.0,1-11,11.0,1-11,11.0,1-10,10.0,True,1.0
1.13-1.15,108967631,1~7,7.0,21.0,21.0,8,20.0,3.3333333333333335,,107.0,206.0,206.0,2,204.0,1-07,7.0,2-06,21.0,2-06,21.0,2-04,19.0,False,14.0
1.13-1.15,108967666,7~50,13.0,31.0,31.0,11,23.0,3.2857142857142856,21.0,113.0,301.0,301.0,2,113.0,1-13,13.0,3-01,31.0,3-01,31.0,1-13,13.0,True,18.0
1.13-1.15,108967982,100~300,2.0,3.0,3.0,2,3.0,1.5,3.0,102.0,103.0,103.0,1,102.0,1-02,2.0,1-03,3.0,1-03,3.0,1-02,2.0,True,1.0
1.13-1.15,108968012,1~7,9.0,26.0,26.0,12,26.0,2.888888888888889,24.0,109.0,211.0,211.0,3,209.0,1-09,9.0,2-11,26.0,2-11,26.0,2-09,24.0,True,17.0
1.13-1.15,108968082,7~50,12.0,71.0,71.0,21,71.0,3.380952380952381,,112.0,511.0,511.0,6,511.0,1-12,12.0,5-11,71.0,5-11,71.0,5-11,71.0,False,59.0
1.13-1.15,108968147,1~7,5.0,6.0,6.0,2,6.0,3.0,6.0,105.0,106.0,106.0,1,105.0,1-05,5.0,1-06,6.0,1-06,6.0,1-05,5.0,True,1.0
1.13-1.15,108968319,1~7,6.0,15.0,15.0,7,10.0,2.5,14.0,106.0,115.0,115.0,3,115.0,1-06,6.0,1-15,15.0,1-15,15.0,1-15,15.0,True,9.0
1.13-1.15,108968592,1~7,2.0,2.0,2.0,1,2.0,2.0,2.0,102.0,102.0,102.0,1,102.0,1-02,2.0,1-02,2.0,1-02,2.0,1-02,2.0,True,0.0
1.13-1.15,108968712,1~7,5.0,9.0,9.0,4,9.0,2.25,9.0,105.0,109.0,109.0,1,105.0,1-05,5.0,1-09,9.0,1-09,9.0,1-05,5.0,True,4.0
1.13-1.15,108968861,1~7,7.0,7.0,7.0,1,7.0,7.0,7.0,107.0,107.0,107.0,1,107.0,1-07,7.0,1-07,7.0,1-07,7.0,1-07,7.0,True,0.0
1.13-1.15,108968875,7~50,13.0,29.0,29.0,15,25.0,2.272727272727273,19.0,113.0,214.0,214.0,4,204.0,1-13,13.0,2-14,29.0,2-14,29.0,2-04,19.0,True,16.0
1.13-1.15,108968964,1~7,6.0,6.0,6.0,1,6.0,6.0,6.0,106.0,106.0,106.0,1,106.0,1-06,6.0,1-06,6.0,1-06,6.0,1-06,6.0,True,0.0
1.13-1.15,108968974,7~50,10.0,19.0,19.0,6,19.0,3.1666666666666665,,110.0,204.0,204.0,3,115.0,1-10,10.0,2-04,19.0,2-04,19.0,1-15,15.0,False,9.0
1.13-1.15,108969043,1~7,6.0,6.0,6.0,1,6.0,6.0,6.0,106.0,106.0,106.0,1,106.0,1-06,6.0,1-06,6.0,1-06,6.0,1-06,6.0,True,0.0
1.13-1.15,108969102,1~7,6.0,15.0,15.0,9,15.0,2.5,,106.0,115.0,115.0,2,113.0,1-06,6.0,1-15,15.0,1-15,15.0,1-13,13.0,False,9.0
1.13-1.15,108969306,50~100,11.0,34.0,34.0,19,34.0,1.7894736842105263,,111.0,304.0,304.0,5,304.0,1-11,11.0,3-04,34.0,3-04,34.0,3-04,34.0,False,23.0
1.13-1.15,108969418,1~7,6.0,6.0,6.0,2,6.0,3.0,6.0,106.0,106.0,106.0,2,106.0,1-06,6.0,1-06,6.0,1-06,6.0,1-06,6.0,True,0.0
1.13-1.15,108969435,100~300,8.0,8.0,8.0,1,8.0,8.0,8.0,108.0,108.0,108.0,1,108.0,1-08,8.0,1-08,8.0,1-08,8.0,1-08,8.0,True,0.0
1.13-1.15,108969439,1~7,6.0,6.0,6.0,1,6.0,6.0,6.0,106.0,106.0,106.0,1,106.0,1-06,6.0,1-06,6.0,1-06,6.0,1-06,6.0,True,0.0
1.13-1.15,108969470,1~7,4.0,46.0,46.0,24,46.0,1.9166666666666667,,104.0,401.0,401.0,6,314.0,1-04,4.0,4-01,46.0,4-01,46.0,3-14,44.0,False,42.0
1.13-1.15,108969504,300~+∞,12.0,121.0,121.0,23,119.0,5.409090909090909,,112.0,901.0,901.0,2,112.0,1-12,12.0,9-01,121.0,9-01,121.0,1-12,12.0,False,109.0
1.13-1.15,108969783,1~7,3.0,6.0,6.0,4,6.0,1.5,6.0,103.0,106.0,106.0,2,106.0,1-03,3.0,1-06,6.0,1-06,6.0,1-06,6.0,True,3.0
1.13-1.15,108969869,7~50,11.0,14.0,14.0,4,14.0,3.5,14.0,111.0,114.0,114.0,2,114.0,1-11,11.0,1-14,14.0,1-14,14.0,1-14,14.0,True,3.0
1.13-1.15,108969907,7~50,6.0,25.0,25.0,6,25.0,4.166666666666667,,106.0,210.0,210.0,3,210.0,1-06,6.0,2-10,25.0,2-10,25.0,2-10,25.0,False,19.0
1.13-1.15,108969960,7~50,10.0,10.0,10.0,1,10.0,10.0,10.0,110.0,110.0,110.0,1,110.0,1-10,10.0,1-10,10.0,1-10,10.0,1-10,10.0,True,0.0
1.13-1.15,108970032,7~50,9.0,9.0,9.0,1,9.0,9.0,9.0,109.0,109.0,109.0,1,109.0,1-09,9.0,1-09,9.0,1-09,9.0,1-09,9.0,True,0.0
1.13-1.15,108970145,7~50,12.0,44.0,44.0,21,42.0,2.210526315789474,,112.0,314.0,314.0,4,304.0,1-12,12.0,3-14,44.0,3-14,44.0,3-04,34.0,False,32.0
1.13-1.15,108970187,50~100,11.0,12.0,12.0,3,12.0,6.0,12.0,111.0,112.0,112.0,1,111.0,1-11,11.0,1-12,12.0,1-12,12.0,1-11,11.0,True,1.0
1.13-1.15,108970248,1~7,4.0,13.0,13.0,3,13.0,4.333333333333333,13.0,104.0,113.0,113.0,1,104.0,1-04,4.0,1-13,13.0,1-13,13.0,1-04,4.0,True,9.0
1.13-1.15,108970499,100~300,11.0,18.0,18.0,3,18.0,9.0,18.0,111.0,203.0,203.0,1,111.0,1-11,11.0,2-03,18.0,2-03,18.0,1-11,11.0,True,7.0
1.13-1.15,108970519,100~300,17.0,97.0,97.0,24,97.0,4.041666666666667,,202.0,707.0,707.0,3,514.0,2-02,17.0,7-07,97.0,7-07,97.0,5-14,74.0,False,80.0
1.13-1.15,108970558,1~7,3.0,3.0,3.0,1,3.0,3.0,3.0,103.0,103.0,103.0,1,103.0,1-03,3.0,1-03,3.0,1-03,3.0,1-03,3.0,True,0.0
1.13-1.15,108970616,1~7,9.0,11.0,11.0,3,9.0,9.0,11.0,109.0,111.0,111.0,1,109.0,1-09,9.0,1-11,11.0,1-11,11.0,1-09,9.0,True,2.0
1.13-1.15,108970623,100~300,12.0,12.0,12.0,4,12.0,4.0,,112.0,112.0,112.0,2,112.0,1-12,12.0,1-12,12.0,1-12,12.0,1-12,12.0,False,0.0
1.13-1.15,108970638,1~7,10.0,14.0,14.0,6,14.0,3.5,,110.0,114.0,114.0,2,114.0,1-10,10.0,1-14,14.0,1-14,14.0,1-14,14.0,False,4.0
1.13-1.15,108970898,50~100,20.0,28.0,28.0,8,28.0,3.5,,205.0,213.0,213.0,2,211.0,2-05,20.0,2-13,28.0,2-13,28.0,2-11,26.0,False,8.0
1.13-1.15,108970922,1~7,7.0,24.0,24.0,17,24.0,1.411764705882353,,107.0,209.0,209.0,4,207.0,1-07,7.0,2-09,24.0,2-09,24.0,2-07,22.0,False,17.0
1.13-1.15,108970937,1~7,5.0,13.0,13.0,3,10.0,5.0,10.0,105.0,113.0,113.0,1,105.0,1-05,5.0,1-13,13.0,1-13,13.0,1-05,5.0,True,8.0
1.13-1.15,108971127,7~50,3.0,3.0,3.0,1,3.0,3.0,3.0,103.0,103.0,103.0,1,103.0,1-03,3.0,1-03,3.0,1-03,3.0,1-03,3.0,True,0.0
1.13-1.15,108971151,7~50,5.0,5.0,5.0,1,5.0,5.0,5.0,105.0,105.0,105.0,1,105.0,1-05,5.0,1-05,5.0,1-05,5.0,1-05,5.0,True,0.0
1.13-1.15,108971152,1~7,14.0,144.0,144.0,24,144.0,6.0,,114.0,1009.0,1009.0,2,712.0,1-14,14.0,10-09,144.0,10-09,144.0,7-12,102.0,False,130.0
1.13-1.15,108971260,100~300,10.0,10.0,10.0,1,10.0,10.0,10.0,110.0,110.0,110.0,1,110.0,1-10,10.0,1-10,10.0,1-10,10.0,1-10,10.0,True,0.0
1.13-1.15,108971461,1~7,9.0,21.0,21.0,8,21.0,2.625,,109.0,206.0,206.0,2,203.0,1-09,9.0,2-06,21.0,2-06,21.0,2-03,18.0,False,12.0
1.13-1.15,108971475,1~7,2.0,2.0,2.0,5,2.0,0.6666666666666666,,102.0,102.0,102.0,3,102.0,1-02,2.0,1-02,2.0,1-02,2.0,1-02,2.0,False,0.0
1.13-1.15,108971624,300~+∞,13.0,14.0,14.0,3,14.0,4.666666666666667,14.0,113.0,114.0,114.0,2,113.0,1-13,13.0,1-14,14.0,1-14,14.0,1-13,13.0,True,1.0
1.13-1.15,108971759,7~50,12.0,12.0,12.0,1,12.0,12.0,12.0,112.0,112.0,112.0,1,112.0,1-12,12.0,1-12,12.0,1-12,12.0,1-12,12.0,True,0.0
1.13-1.15,108971978,7~50,16.0,44.0,44.0,18,35.0,2.6923076923076925,,201.0,314.0,314.0,2,207.0,2-01,16.0,3-14,44.0,3-14,44.0,2-07,22.0,False,28.0
1.13-1.15,108972008,7~50,14.0,15.0,15.0,3,15.0,7.5,15.0,114.0,115.0,115.0,1,114.0,1-14,14.0,1-15,15.0,1-15,15.0,1-14,14.0,True,1.0
1.13-1.15,108972082,1~7,4.0,4.0,4.0,1,4.0,4.0,4.0,104.0,104.0,104.0,1,104.0,1-04,4.0,1-04,4.0,1-04,4.0,1-04,4.0,True,0.0
1.13-1.15,108972240,1~7,6.0,6.0,6.0,2,6.0,3.0,6.0,106.0,106.0,106.0,2,106.0,1-06,6.0,1-06,6.0,1-06,6.0,1-06,6.0,True,0.0
1.13-1.15,108972295,1~7,12.0,19.0,19.0,5,19.0,3.8,19.0,112.0,204.0,204.0,4,204.0,1-12,12.0,2-04,19.0,2-04,19.0,2-04,19.0,True,7.0
1.13-1.15,108972297,1~7,8.0,17.0,17.0,3,17.0,5.666666666666667,17.0,108.0,202.0,202.0,1,108.0,1-08,8.0,2-02,17.0,2-02,17.0,1-08,8.0,True,9.0
1.13-1.15,108972372,7~50,13.0,19.0,19.0,5,19.0,3.8,19.0,113.0,204.0,204.0,4,204.0,1-13,13.0,2-04,19.0,2-04,19.0,2-04,19.0,True,6.0
1.13-1.15,108972535,50~100,19.0,66.0,66.0,12,66.0,5.5,,204.0,506.0,506.0,3,506.0,2-04,19.0,5-06,66.0,5-06,66.0,5-06,66.0,False,47.0
1.13-1.15,108972680,7~50,12.0,13.0,13.0,2,13.0,6.5,13.0,112.0,113.0,113.0,1,112.0,1-12,12.0,1-13,13.0,1-13,13.0,1-12,12.0,True,1.0
1.13-1.15,108972729,7~50,10.0,23.0,23.0,9,22.0,3.142857142857143,,110.0,208.0,208.0,3,207.0,1-10,10.0,2-08,23.0,2-08,23.0,2-07,22.0,False,13.0
1.13-1.15,108972731,1~7,6.0,6.0,6.0,2,6.0,3.0,6.0,106.0,106.0,106.0,2,106.0,1-06,6.0,1-06,6.0,1-06,6.0,1-06,6.0,True,0.0
1.13-1.15,108972754,1~7,7.0,13.0,13.0,3,13.0,4.333333333333333,13.0,107.0,113.0,113.0,1,107.0,1-07,7.0,1-13,13.0,1-13,13.0,1-07,7.0,True,6.0
1.13-1.15,108972848,1~7,8.0,8.0,8.0,1,8.0,8.0,8.0,108.0,108.0,108.0,1,108.0,1-08,8.0,1-08,8.0,1-08,8.0,1-08,8.0,True,0.0
1.13-1.15,108972889,1~7,3.0,3.0,3.0,1,3.0,3.0,3.0,103.0,103.0,103.0,1,103.0,1-03,3.0,1-03,3.0,1-03,3.0,1-03,3.0,True,0.0
1.13-1.15,108972945,100~300,19.0,86.0,86.0,16,86.0,5.375,,204.0,611.0,611.0,2,512.0,2-04,19.0,6-11,86.0,6-11,86.0,5-12,72.0,False,67.0
1.13-1.15,108973018,1~7,4.0,7.0,7.0,2,4.0,4.0,7.0,104.0,107.0,107.0,1,104.0,1-04,4.0,1-07,7.0,1-07,7.0,1-04,4.0,True,3.0
1.13-1.15,108973025,1~7,10.0,10.0,10.0,1,10.0,10.0,10.0,110.0,110.0,110.0,1,110.0,1-10,10.0,1-10,10.0,1-10,10.0,1-10,10.0,True,0.0
1.13-1.15,108973095,1~7,2.0,2.0,2.0,1,2.0,2.0,2.0,102.0,102.0,102.0,1,102.0,1-02,2.0,1-02,2.0,1-02,2.0,1-02,2.0,True,0.0
1.13-1.15,108973099,100~300,18.0,94.0,94.0,24,94.0,3.9166666666666665,,203.0,704.0,704.0,3,405.0,2-03,18.0,7-04,94.0,7-04,94.0,4-05,50.0,False,76.0
1.13-1.15,108973214,100~300,15.0,29.0,29.0,7,24.0,6.0,24.0,115.0,214.0,214.0,2,209.0,1-15,15.0,2-14,29.0,2-14,29.0,2-09,24.0,True,14.0
1.13-1.15,108973255,1~7,11.0,24.0,24.0,7,24.0,4.0,24.0,111.0,209.0,209.0,2,209.0,1-11,11.0,2-09,24.0,2-09,24.0,2-09,24.0,True,13.0
1.13-1.15,108973280,300~+∞,10.0,140.0,140.0,22,140.0,6.363636363636363,,110.0,1005.0,1005.0,5,1005.0,1-10,10.0,10-05,140.0,10-05,140.0,10-05,140.0,False,130.0
1.13-1.15,108973289,7~50,8.0,9.0,9.0,3,9.0,4.5,9.0,108.0,109.0,109.0,1,108.0,1-08,8.0,1-09,9.0,1-09,9.0,1-08,8.0,True,1.0
1.13-1.15,108973411,100~300,4.0,11.0,11.0,6,11.0,1.8333333333333333,,104.0,111.0,111.0,4,111.0,1-04,4.0,1-11,11.0,1-11,11.0,1-11,11.0,False,7.0
1.13-1.15,108973481,7~50,7.0,10.0,10.0,3,8.0,4.0,10.0,107.0,110.0,110.0,1,107.0,1-07,7.0,1-10,10.0,1-10,10.0,1-07,7.0,True,3.0
1.13-1.15,108973488,50~100,5.0,30.0,30.0,24,30.0,1.25,,105.0,215.0,215.0,8,215.0,1-05,5.0,2-15,30.0,2-15,30.0,2-15,30.0,False,25.0
1.13-1.15,108973555,1~7,8.0,10.0,10.0,3,10.0,3.3333333333333335,10.0,108.0,110.0,110.0,2,110.0,1-08,8.0,1-10,10.0,1-10,10.0,1-10,10.0,True,2.0
1.13-1.15,108973651,7~50,6.0,6.0,6.0,1,6.0,6.0,6.0,106.0,106.0,106.0,1,106.0,1-06,6.0,1-06,6.0,1-06,6.0,1-06,6.0,True,0.0
1.13-1.15,108973676,1~7,9.0,19.0,19.0,5,19.0,3.8,19.0,109.0,204.0,204.0,3,204.0,1-09,9.0,2-04,19.0,2-04,19.0,2-04,19.0,True,10.0
1.13-1.15,108974193,7~50,,10.0,10.0,3,0.0,,10.0,107.0,110.0,110.0,1,107.0,1-07,7.0,1-10,10.0,1-10,10.0,1-07,7.0,True,
1.13-1.15,108975225,1~7,6.0,19.0,19.0,4,19.0,4.75,19.0,106.0,204.0,204.0,2,204.0,1-06,6.0,2-04,19.0,2-04,19.0,2-04,19.0,True,13.0
1.13-1.15,108976049,1~7,19.0,39.0,39.0,21,37.0,1.9473684210526316,29.0,204.0,309.0,309.0,5,309.0,2-04,19.0,3-09,39.0,3-09,39.0,3-09,39.0,True,20.0
1.13-1.15,108980753,1~7,13.0,67.0,67.0,8,67.0,8.375,,113.0,507.0,507.0,2,507.0,1-13,13.0,5-07,67.0,5-07,67.0,5-07,67.0,False,54.0
1.13-1.15,108981060,100~300,2.0,107.0,107.0,17,107.0,6.294117647058823,,102.0,802.0,802.0,3,710.0,1-02,2.0,8-02,107.0,8-02,107.0,7-10,100.0,False,105.0
1.13-1.15,108981750,1~7,12.0,30.0,30.0,9,30.0,3.3333333333333335,,112.0,215.0,215.0,3,209.0,1-12,12.0,2-15,30.0,2-15,30.0,2-09,24.0,False,18.0
1.13-1.15,108984015,7~50,22.0,23.0,23.0,5,23.0,5.75,22.0,207.0,208.0,208.0,2,207.0,2-07,22.0,2-08,23.0,2-08,23.0,2-07,22.0,True,1.0
1.13-1.15,108988227,100~300,19.0,20.0,20.0,6,20.0,5.0,20.0,204.0,205.0,205.0,2,205.0,2-04,19.0,2-05,20.0,2-05,20.0,2-05,20.0,True,1.0
1.13-1.15,108988692,7~50,19.0,74.0,74.0,23,74.0,3.3636363636363638,,204.0,514.0,514.0,6,514.0,2-04,19.0,5-14,74.0,5-14,74.0,5-14,74.0,False,55.0
1.13-1.15,108990555,1~7,6.0,7.0,7.0,2,6.0,6.0,7.0,106.0,107.0,107.0,1,106.0,1-06,6.0,1-07,7.0,1-07,7.0,1-06,6.0,True,1.0
1.13-1.15,108992304,7~50,9.0,45.0,45.0,12,45.0,3.75,,109.0,315.0,315.0,3,314.0,1-09,9.0,3-15,45.0,3-15,45.0,3-14,44.0,False,36.0
1.13-1.15,108996361,1~7,6.0,19.0,19.0,7,13.0,2.6,,106.0,204.0,204.0,2,204.0,1-06,6.0,2-04,19.0,2-04,19.0,2-04,19.0,False,13.0
1.13-1.15,109000315,100~300,20.0,82.0,82.0,24,82.0,3.4166666666666665,,205.0,607.0,607.0,6,607.0,2-05,20.0,6-07,82.0,6-07,82.0,6-07,82.0,False,62.0
1.09-1.11,108949517,1~7,9.0,14.0,14.0,3,14.0,4.666666666666667,14.0,109.0,114.0,114.0,2,114.0,1-09,9.0,1-14,14.0,1-14,14.0,1-14,14.0,True,5.0
1.09-1.11,108949549,1~7,19.0,19.0,19.0,1,19.0,19.0,19.0,204.0,204.0,204.0,1,204.0,2-04,19.0,2-04,19.0,2-04,19.0,2-04,19.0,True,0.0
1.09-1.11,108949554,1~7,14.0,19.0,19.0,6,17.0,3.4,,114.0,204.0,204.0,4,204.0,1-14,14.0,2-04,19.0,2-04,19.0,2-04,19.0,False,5.0
1.09-1.11,108950036,100~300,15.0,15.0,15.0,4,15.0,7.5,,115.0,115.0,115.0,2,115.0,1-15,15.0,1-15,15.0,1-15,15.0,1-15,15.0,False,0.0
1.09-1.11,108950484,1~7,7.0,7.0,7.0,1,7.0,7.0,7.0,107.0,107.0,107.0,1,107.0,1-07,7.0,1-07,7.0,1-07,7.0,1-07,7.0,True,0.0
1.09-1.11,108950586,1~7,1.0,1.0,1.0,1,1.0,1.0,1.0,101.0,101.0,101.0,1,101.0,1-01,1.0,1-01,1.0,1-01,1.0,1-01,1.0,True,0.0
1.09-1.11,108950733,1~7,7.0,7.0,7.0,2,7.0,3.5,7.0,107.0,107.0,107.0,2,107.0,1-07,7.0,1-07,7.0,1-07,7.0,1-07,7.0,True,0.0
1.09-1.11,108950824,1~7,4.0,4.0,4.0,1,4.0,4.0,4.0,104.0,104.0,104.0,1,104.0,1-04,4.0,1-04,4.0,1-04,4.0,1-04,4.0,True,0.0
1.09-1.11,108950837,1~7,12.0,77.0,77.0,24,77.0,3.2083333333333335,,112.0,602.0,602.0,5,309.0,1-12,12.0,6-02,77.0,6-02,77.0,3-09,39.0,False,65.0
1.09-1.11,108950937,1~7,6.0,6.0,6.0,1,6.0,6.0,6.0,106.0,106.0,106.0,1,106.0,1-06,6.0,1-06,6.0,1-06,6.0,1-06,6.0,True,0.0
1.09-1.11,108951021,7~50,9.0,106.0,106.0,24,106.0,4.416666666666667,,109.0,801.0,801.0,4,604.0,1-09,9.0,8-01,106.0,8-01,106.0,6-04,79.0,False,97.0
1.09-1.11,108951209,1~7,6.0,6.0,6.0,1,6.0,6.0,6.0,106.0,106.0,106.0,1,106.0,1-06,6.0,1-06,6.0,1-06,6.0,1-06,6.0,True,0.0
1.09-1.11,108951251,7~50,10.0,34.0,34.0,9,34.0,3.7777777777777777,,110.0,304.0,304.0,2,214.0,1-10,10.0,3-04,34.0,3-04,34.0,2-14,29.0,False,24.0
1.09-1.11,108951266,1~7,9.0,13.0,13.0,3,12.0,6.0,12.0,109.0,113.0,113.0,1,109.0,1-09,9.0,1-13,13.0,1-13,13.0,1-09,9.0,True,4.0
1.09-1.11,108951395,100~300,10.0,12.0,12.0,2,12.0,6.0,12.0,110.0,112.0,112.0,1,110.0,1-10,10.0,1-12,12.0,1-12,12.0,1-10,10.0,True,2.0
1.09-1.11,108951518,7~50,14.0,74.0,74.0,24,74.0,3.0833333333333335,,114.0,514.0,514.0,4,511.0,1-14,14.0,5-14,74.0,5-14,74.0,5-11,71.0,False,60.0
1.09-1.11,108951560,50~100,7.0,10.0,10.0,2,10.0,5.0,10.0,107.0,110.0,110.0,1,107.0,1-07,7.0,1-10,10.0,1-10,10.0,1-07,7.0,True,3.0
1.09-1.11,108951609,1~7,4.0,10.0,10.0,2,10.0,5.0,10.0,104.0,110.0,110.0,1,104.0,1-04,4.0,1-10,10.0,1-10,10.0,1-04,4.0,True,6.0
1.09-1.11,108951764,100~300,13.0,121.0,121.0,24,121.0,5.041666666666667,,113.0,901.0,901.0,2,314.0,1-13,13.0,9-01,121.0,9-01,121.0,3-14,44.0,False,108.0
1.09-1.11,108951799,100~300,6.0,39.0,39.0,14,39.0,2.7857142857142856,,106.0,309.0,309.0,4,301.0,1-06,6.0,3-09,39.0,3-09,39.0,3-01,31.0,False,33.0
1.09-1.11,108951802,1~7,6.0,24.0,24.0,4,24.0,6.0,24.0,106.0,209.0,209.0,2,204.0,1-06,6.0,2-09,24.0,2-09,24.0,2-04,19.0,True,18.0
1.09-1.11,108951832,1~7,8.0,13.0,13.0,4,13.0,3.25,13.0,108.0,113.0,113.0,3,113.0,1-08,8.0,1-13,13.0,1-13,13.0,1-13,13.0,True,5.0
1.09-1.11,108951888,7~50,7.0,20.0,20.0,8,20.0,2.5,,107.0,205.0,205.0,4,204.0,1-07,7.0,2-05,20.0,2-05,20.0,2-04,19.0,False,13.0
1.09-1.11,108951958,1~7,6.0,7.0,7.0,2,7.0,3.5,7.0,106.0,107.0,107.0,1,106.0,1-06,6.0,1-07,7.0,1-07,7.0,1-06,6.0,True,1.0
1.09-1.11,108952033,7~50,7.0,44.0,44.0,8,44.0,5.5,,107.0,314.0,314.0,2,314.0,1-07,7.0,3-14,44.0,3-14,44.0,3-14,44.0,False,37.0
1.09-1.11,108952256,1~7,2.0,4.0,4.0,2,4.0,2.0,4.0,102.0,104.0,104.0,1,102.0,1-02,2.0,1-04,4.0,1-04,4.0,1-02,2.0,True,2.0
1.09-1.11,108952447,1~7,2.0,2.0,2.0,1,2.0,2.0,2.0,102.0,102.0,102.0,1,102.0,1-02,2.0,1-02,2.0,1-02,2.0,1-02,2.0,True,0.0
1.09-1.11,108952535,1~7,,15.0,15.0,1,0.0,,15.0,115.0,115.0,115.0,1,115.0,1-15,15.0,1-15,15.0,1-15,15.0,1-15,15.0,True,
1.09-1.11,108952553,1~7,2.0,2.0,2.0,1,2.0,2.0,2.0,102.0,102.0,102.0,1,102.0,1-02,2.0,1-02,2.0,1-02,2.0,1-02,2.0,True,0.0
1.09-1.11,108952653,1~7,,4.0,4.0,2,0.0,,,103.0,104.0,104.0,1,103.0,1-03,3.0,1-04,4.0,1-04,4.0,1-03,3.0,False,
1.09-1.11,108952718,1~7,14.0,25.0,25.0,18,25.0,1.4705882352941178,,114.0,210.0,210.0,9,210.0,1-14,14.0,2-10,25.0,2-10,25.0,2-10,25.0,False,11.0
1.09-1.11,108952750,1~7,5.0,15.0,15.0,15,15.0,1.25,,105.0,115.0,115.0,5,115.0,1-05,5.0,1-15,15.0,1-15,15.0,1-15,15.0,False,10.0
1.09-1.11,108952819,1~7,6.0,6.0,6.0,1,6.0,6.0,6.0,106.0,106.0,106.0,1,106.0,1-06,6.0,1-06,6.0,1-06,6.0,1-06,6.0,True,0.0
1.09-1.11,108952826,1~7,12.0,37.0,37.0,19,37.0,2.3125,,112.0,307.0,307.0,6,307.0,1-12,12.0,3-07,37.0,3-07,37.0,3-07,37.0,False,25.0
1.09-1.11,108952865,1~7,3.0,3.0,3.0,1,3.0,3.0,3.0,103.0,103.0,103.0,1,103.0,1-03,3.0,1-03,3.0,1-03,3.0,1-03,3.0,True,0.0
1.09-1.11,108952939,50~100,13.0,13.0,13.0,4,13.0,4.333333333333333,,113.0,113.0,113.0,2,113.0,1-13,13.0,1-13,13.0,1-13,13.0,1-13,13.0,False,0.0
1.09-1.11,108953016,100~300,7.0,32.0,32.0,14,27.0,2.25,,107.0,302.0,302.0,3,302.0,1-07,7.0,3-02,32.0,3-02,32.0,3-02,32.0,False,25.0
1.09-1.11,108953225,1~7,13.0,16.0,16.0,11,16.0,2.0,,113.0,201.0,201.0,3,113.0,1-13,13.0,2-01,16.0,2-01,16.0,1-13,13.0,False,3.0
1.09-1.11,108953256,100~300,3.0,3.0,3.0,1,3.0,3.0,3.0,103.0,103.0,103.0,1,103.0,1-03,3.0,1-03,3.0,1-03,3.0,1-03,3.0,True,0.0
1.09-1.11,108953285,1~7,9.0,15.0,15.0,3,15.0,5.0,15.0,109.0,115.0,115.0,1,109.0,1-09,9.0,1-15,15.0,1-15,15.0,1-09,9.0,True,6.0
1.09-1.11,108953309,1~7,3.0,21.0,21.0,6,13.0,2.6,,103.0,206.0,206.0,3,113.0,1-03,3.0,2-06,21.0,2-06,21.0,1-13,13.0,False,18.0
1.09-1.11,108953362,1~7,12.0,23.0,23.0,8,23.0,2.875,,112.0,208.0,208.0,3,208.0,1-12,12.0,2-08,23.0,2-08,23.0,2-08,23.0,False,11.0
1.09-1.11,108953443,1~7,19.0,32.0,32.0,8,32.0,4.571428571428571,,204.0,302.0,302.0,2,214.0,2-04,19.0,3-02,32.0,3-02,32.0,2-14,29.0,False,13.0
1.09-1.11,108953502,1~7,6.0,32.0,32.0,20,32.0,1.7777777777777777,,106.0,302.0,302.0,4,215.0,1-06,6.0,3-02,32.0,3-02,32.0,2-15,30.0,False,26.0
1.09-1.11,108953522,1~7,4.0,4.0,4.0,1,4.0,4.0,4.0,104.0,104.0,104.0,1,104.0,1-04,4.0,1-04,4.0,1-04,4.0,1-04,4.0,True,0.0
1.09-1.11,108953538,1~7,10.0,14.0,14.0,6,14.0,2.8,14.0,110.0,114.0,114.0,3,114.0,1-10,10.0,1-14,14.0,1-14,14.0,1-14,14.0,True,4.0
1.09-1.11,108953635,50~100,15.0,32.0,32.0,2,32.0,16.0,32.0,115.0,302.0,302.0,1,115.0,1-15,15.0,3-02,32.0,3-02,32.0,1-15,15.0,True,17.0
1.09-1.11,108953648,1~7,6.0,8.0,8.0,6,8.0,2.0,7.0,106.0,108.0,108.0,2,107.0,1-06,6.0,1-08,8.0,1-08,8.0,1-07,7.0,True,2.0
1.09-1.11,108953767,1~7,14.0,32.0,32.0,9,32.0,4.571428571428571,,114.0,302.0,302.0,2,214.0,1-14,14.0,3-02,32.0,3-02,32.0,2-14,29.0,False,18.0
1.09-1.11,108953782,1~7,6.0,19.0,19.0,5,16.0,5.333333333333333,,106.0,204.0,204.0,1,106.0,1-06,6.0,2-04,19.0,2-04,19.0,1-06,6.0,False,13.0
1.09-1.11,108953931,1~7,3.0,3.0,3.0,1,3.0,3.0,3.0,103.0,103.0,103.0,1,103.0,1-03,3.0,1-03,3.0,1-03,3.0,1-03,3.0,True,0.0
1.09-1.11,108954418,1~7,3.0,3.0,3.0,1,3.0,3.0,3.0,103.0,103.0,103.0,1,103.0,1-03,3.0,1-03,3.0,1-03,3.0,1-03,3.0,True,0.0
1.09-1.11,108954590,1~7,13.0,13.0,13.0,1,13.0,13.0,13.0,113.0,113.0,113.0,1,113.0,1-13,13.0,1-13,13.0,1-13,13.0,1-13,13.0,True,0.0
1.09-1.11,108954637,1~7,13.0,13.0,13.0,2,13.0,13.0,13.0,113.0,113.0,113.0,1,113.0,1-13,13.0,1-13,13.0,1-13,13.0,1-13,13.0,True,0.0
1.09-1.11,108954732,7~50,11.0,44.0,44.0,24,44.0,1.8333333333333333,,111.0,314.0,314.0,7,314.0,1-11,11.0,3-14,44.0,3-14,44.0,3-14,44.0,False,33.0
1.09-1.11,108954749,100~300,15.0,36.0,36.0,10,34.0,4.25,29.0,115.0,306.0,306.0,3,215.0,1-15,15.0,3-06,36.0,3-06,36.0,2-15,30.0,True,21.0
1.09-1.11,108954821,1~7,2.0,17.0,17.0,5,17.0,4.25,,102.0,202.0,202.0,1,102.0,1-02,2.0,2-02,17.0,2-02,17.0,1-02,2.0,False,15.0
1.09-1.11,108954828,7~50,12.0,45.0,45.0,14,45.0,3.4615384615384617,,112.0,315.0,315.0,2,210.0,1-12,12.0,3-15,45.0,3-15,45.0,2-10,25.0,False,33.0
1.09-1.11,108954972,100~300,19.0,19.0,19.0,2,19.0,19.0,19.0,204.0,204.0,204.0,1,204.0,2-04,19.0,2-04,19.0,2-04,19.0,2-04,19.0,True,0.0
1.09-1.11,108955009,7~50,6.0,6.0,6.0,1,6.0,6.0,6.0,106.0,106.0,106.0,1,106.0,1-06,6.0,1-06,6.0,1-06,6.0,1-06,6.0,True,0.0
1.09-1.11,108955041,1~7,11.0,15.0,15.0,4,15.0,3.75,15.0,111.0,115.0,115.0,2,115.0,1-11,11.0,1-15,15.0,1-15,15.0,1-15,15.0,True,4.0
1.09-1.11,108955237,1~7,14.0,15.0,15.0,3,15.0,5.0,15.0,114.0,115.0,115.0,2,115.0,1-14,14.0,1-15,15.0,1-15,15.0,1-15,15.0,True,1.0
1.09-1.11,108955648,1~7,6.0,35.0,35.0,24,35.0,1.4583333333333333,,106.0,305.0,305.0,6,204.0,1-06,6.0,3-05,35.0,3-05,35.0,2-04,19.0,False,29.0
1.09-1.11,108955849,1~7,5.0,18.0,18.0,4,18.0,4.5,18.0,105.0,203.0,203.0,2,113.0,1-05,5.0,2-03,18.0,2-03,18.0,1-13,13.0,True,13.0
1.09-1.11,108956552,1~7,6.0,125.0,125.0,13,125.0,9.615384615384615,,106.0,905.0,905.0,1,106.0,1-06,6.0,9-05,125.0,9-05,125.0,1-06,6.0,False,119.0
1.09-1.11,108956565,1~7,6.0,6.0,6.0,3,6.0,2.0,6.0,106.0,106.0,106.0,3,106.0,1-06,6.0,1-06,6.0,1-06,6.0,1-06,6.0,True,0.0
1.09-1.11,108956632,1~7,7.0,8.0,8.0,2,8.0,4.0,8.0,107.0,108.0,108.0,1,107.0,1-07,7.0,1-08,8.0,1-08,8.0,1-07,7.0,True,1.0
1.09-1.11,108956656,1~7,6.0,44.0,44.0,22,44.0,2.0,,106.0,314.0,314.0,5,309.0,1-06,6.0,3-14,44.0,3-14,44.0,3-09,39.0,False,38.0
1.09-1.11,108956667,1~7,1.0,21.0,21.0,4,21.0,5.25,21.0,101.0,206.0,206.0,2,204.0,1-01,1.0,2-06,21.0,2-06,21.0,2-04,19.0,True,20.0
1.09-1.11,108956953,1~7,7.0,8.0,8.0,2,8.0,4.0,8.0,107.0,108.0,108.0,1,107.0,1-07,7.0,1-08,8.0,1-08,8.0,1-07,7.0,True,1.0
1.09-1.11,108956956,100~300,13.0,50.0,50.0,8,50.0,6.25,,113.0,405.0,405.0,4,405.0,1-13,13.0,4-05,50.0,4-05,50.0,4-05,50.0,False,37.0
1.09-1.11,108957155,1~7,16.0,31.0,31.0,19,31.0,1.9375,,201.0,301.0,301.0,3,215.0,2-01,16.0,3-01,31.0,3-01,31.0,2-15,30.0,False,15.0
1.09-1.11,108957253,1~7,18.0,44.0,44.0,13,44.0,3.6666666666666665,,203.0,314.0,314.0,3,314.0,2-03,18.0,3-14,44.0,3-14,44.0,3-14,44.0,False,26.0
1.09-1.11,108957273,300~+∞,17.0,44.0,44.0,6,35.0,8.75,21.0,202.0,314.0,314.0,2,202.0,2-02,17.0,3-14,44.0,3-14,44.0,2-02,17.0,True,27.0
1.09-1.11,108957286,7~50,22.0,48.0,48.0,11,46.0,4.6,,207.0,403.0,403.0,2,314.0,2-07,22.0,4-03,48.0,4-03,48.0,3-14,44.0,False,26.0
1.09-1.11,108957297,100~300,15.0,80.0,80.0,22,80.0,4.0,,115.0,605.0,605.0,3,314.0,1-15,15.0,6-05,80.0,6-05,80.0,3-14,44.0,False,65.0
1.09-1.11,108957329,1~7,14.0,24.0,24.0,7,20.0,6.666666666666667,,114.0,209.0,209.0,1,114.0,1-14,14.0,2-09,24.0,2-09,24.0,1-14,14.0,False,10.0
1.09-1.11,108957364,1~7,6.0,13.0,13.0,4,13.0,3.25,13.0,106.0,113.0,113.0,2,113.0,1-06,6.0,1-13,13.0,1-13,13.0,1-13,13.0,True,7.0
1.09-1.11,108957369,1~7,12.0,41.0,41.0,21,37.0,2.0555555555555554,,112.0,311.0,311.0,4,304.0,1-12,12.0,3-11,41.0,3-11,41.0,3-04,34.0,False,29.0
1.09-1.11,108957403,1~7,10.0,10.0,10.0,1,10.0,10.0,10.0,110.0,110.0,110.0,1,110.0,1-10,10.0,1-10,10.0,1-10,10.0,1-10,10.0,True,0.0
1.09-1.11,108957443,7~50,12.0,18.0,18.0,7,17.0,3.4,15.0,112.0,203.0,203.0,1,112.0,1-12,12.0,2-03,18.0,2-03,18.0,1-12,12.0,True,6.0
1.09-1.11,108957448,1~7,6.0,10.0,10.0,3,6.0,6.0,6.0,106.0,110.0,110.0,1,106.0,1-06,6.0,1-10,10.0,1-10,10.0,1-06,6.0,True,4.0
1.09-1.11,108957502,1~7,6.0,6.0,6.0,1,6.0,6.0,6.0,106.0,106.0,106.0,1,106.0,1-06,6.0,1-06,6.0,1-06,6.0,1-06,6.0,True,0.0
1.09-1.11,108957505,1~7,3.0,3.0,3.0,1,3.0,3.0,3.0,103.0,103.0,103.0,1,103.0,1-03,3.0,1-03,3.0,1-03,3.0,1-03,3.0,True,0.0
1.09-1.11,108957709,1~7,12.0,71.0,71.0,24,71.0,2.9583333333333335,,112.0,511.0,511.0,4,405.0,1-12,12.0,5-11,71.0,5-11,71.0,4-05,50.0,False,59.0
1.09-1.11,108957718,1~7,5.0,9.0,9.0,4,9.0,2.25,9.0,105.0,109.0,109.0,3,109.0,1-05,5.0,1-09,9.0,1-09,9.0,1-09,9.0,True,4.0
1.09-1.11,108957806,1~7,12.0,39.0,39.0,23,38.0,1.7272727272727273,,112.0,309.0,309.0,4,301.0,1-12,12.0,3-09,39.0,3-09,39.0,3-01,31.0,False,27.0
1.09-1.11,108957820,1~7,2.0,2.0,2.0,1,2.0,2.0,2.0,102.0,102.0,102.0,1,102.0,1-02,2.0,1-02,2.0,1-02,2.0,1-02,2.0,True,0.0
1.09-1.11,108957950,1~7,9.0,12.0,12.0,3,12.0,4.0,12.0,109.0,112.0,112.0,2,112.0,1-09,9.0,1-12,12.0,1-12,12.0,1-12,12.0,True,3.0
1.09-1.11,108958001,100~300,19.0,74.0,74.0,11,74.0,6.7272727272727275,,204.0,514.0,514.0,2,514.0,2-04,19.0,5-14,74.0,5-14,74.0,5-14,74.0,False,55.0
1.09-1.11,108958075,7~50,10.0,10.0,10.0,1,10.0,10.0,10.0,110.0,110.0,110.0,1,110.0,1-10,10.0,1-10,10.0,1-10,10.0,1-10,10.0,True,0.0
1.09-1.11,108958324,1~7,6.0,6.0,6.0,1,6.0,6.0,6.0,106.0,106.0,106.0,1,106.0,1-06,6.0,1-06,6.0,1-06,6.0,1-06,6.0,True,0.0
1.09-1.11,108958514,1~7,14.0,14.0,14.0,5,14.0,2.8,14.0,114.0,114.0,114.0,5,114.0,1-14,14.0,1-14,14.0,1-14,14.0,1-14,14.0,True,0.0
1.09-1.11,108958629,100~300,14.0,34.0,34.0,14,34.0,2.4285714285714284,,114.0,304.0,304.0,5,304.0,1-14,14.0,3-04,34.0,3-04,34.0,3-04,34.0,False,20.0
1.09-1.11,108958893,1~7,11.0,69.0,69.0,24,69.0,2.875,,111.0,509.0,509.0,3,302.0,1-11,11.0,5-09,69.0,5-09,69.0,3-02,32.0,False,58.0
1.09-1.11,108958958,1~7,7.0,10.0,10.0,8,10.0,1.4285714285714286,,107.0,110.0,110.0,5,110.0,1-07,7.0,1-10,10.0,1-10,10.0,1-10,10.0,False,3.0
1.09-1.11,108958966,1~7,19.0,19.0,19.0,2,19.0,9.5,19.0,204.0,204.0,204.0,2,204.0,2-04,19.0,2-04,19.0,2-04,19.0,2-04,19.0,True,0.0
1.09-1.11,108958967,1~7,14.0,61.0,61.0,22,57.0,2.85,,114.0,501.0,501.0,7,210.0,1-14,14.0,5-01,61.0,5-01,61.0,2-10,25.0,False,47.0
1.09-1.11,108959173,7~50,4.0,24.0,24.0,6,24.0,6.0,,104.0,209.0,209.0,2,209.0,1-04,4.0,2-09,24.0,2-09,24.0,2-09,24.0,False,20.0
1.09-1.11,108959194,1~7,13.0,26.0,26.0,12,26.0,2.1666666666666665,,113.0,211.0,211.0,5,210.0,1-13,13.0,2-11,26.0,2-11,26.0,2-10,25.0,False,13.0
1.09-1.11,108959376,1~7,6.0,6.0,6.0,1,6.0,6.0,6.0,106.0,106.0,106.0,1,106.0,1-06,6.0,1-06,6.0,1-06,6.0,1-06,6.0,True,0.0
1.09-1.11,108959381,1~7,5.0,5.0,5.0,1,5.0,5.0,5.0,105.0,105.0,105.0,1,105.0,1-05,5.0,1-05,5.0,1-05,5.0,1-05,5.0,True,0.0
1.09-1.11,108959409,7~50,19.0,19.0,19.0,2,19.0,9.5,19.0,204.0,204.0,204.0,2,204.0,2-04,19.0,2-04,19.0,2-04,19.0,2-04,19.0,True,0.0
1.09-1.11,108959490,1~7,6.0,10.0,10.0,4,10.0,2.5,10.0,106.0,110.0,110.0,2,110.0,1-06,6.0,1-10,10.0,1-10,10.0,1-10,10.0,True,4.0
1.09-1.11,108959498,7~50,13.0,13.0,13.0,1,13.0,13.0,13.0,113.0,113.0,113.0,1,113.0,1-13,13.0,1-13,13.0,1-13,13.0,1-13,13.0,True,0.0
1.09-1.11,108959533,7~50,6.0,8.0,8.0,3,8.0,2.6666666666666665,8.0,106.0,108.0,108.0,2,108.0,1-06,6.0,1-08,8.0,1-08,8.0,1-08,8.0,True,2.0
1.09-1.11,108959567,1~7,4.0,4.0,4.0,1,4.0,4.0,4.0,104.0,104.0,104.0,1,104.0,1-04,4.0,1-04,4.0,1-04,4.0,1-04,4.0,True,0.0
1.09-1.11,108959756,1~7,13.0,15.0,15.0,6,13.0,4.333333333333333,,113.0,115.0,115.0,2,113.0,1-13,13.0,1-15,15.0,1-15,15.0,1-13,13.0,False,2.0
1.09-1.11,108959864,1~7,9.0,10.0,10.0,2,9.0,9.0,10.0,109.0,110.0,110.0,1,109.0,1-09,9.0,1-10,10.0,1-10,10.0,1-09,9.0,True,1.0
1.09-1.11,108959879,1~7,7.0,11.0,11.0,4,11.0,5.5,7.0,107.0,111.0,111.0,1,107.0,1-07,7.0,1-11,11.0,1-11,11.0,1-07,7.0,True,4.0
1.09-1.11,108959945,1~7,15.0,44.0,44.0,12,44.0,3.6666666666666665,,115.0,314.0,314.0,4,314.0,1-15,15.0,3-14,44.0,3-14,44.0,3-14,44.0,False,29.0
1.09-1.11,108960121,1~7,6.0,19.0,19.0,4,19.0,4.75,19.0,106.0,204.0,204.0,3,204.0,1-06,6.0,2-04,19.0,2-04,19.0,2-04,19.0,True,13.0
1.09-1.11,108960244,1~7,7.0,70.0,70.0,24,70.0,2.9166666666666665,,107.0,510.0,510.0,5,504.0,1-07,7.0,5-10,70.0,5-10,70.0,5-04,64.0,False,63.0
1.09-1.11,108960351,1~7,13.0,13.0,13.0,2,13.0,6.5,13.0,113.0,113.0,113.0,2,113.0,1-13,13.0,1-13,13.0,1-13,13.0,1-13,13.0,True,0.0
1.09-1.11,108960453,100~300,7.0,13.0,13.0,3,13.0,4.333333333333333,13.0,107.0,113.0,113.0,2,113.0,1-07,7.0,1-13,13.0,1-13,13.0,1-13,13.0,True,6.0
1.09-1.11,108960567,7~50,6.0,7.0,7.0,2,6.0,6.0,6.0,106.0,107.0,107.0,1,106.0,1-06,6.0,1-07,7.0,1-07,7.0,1-06,6.0,True,1.0
1.09-1.11,108960600,1~7,4.0,4.0,4.0,1,4.0,4.0,4.0,104.0,104.0,104.0,1,104.0,1-04,4.0,1-04,4.0,1-04,4.0,1-04,4.0,True,0.0
1.09-1.11,108960639,1~7,14.0,43.0,43.0,11,43.0,4.3,,114.0,313.0,313.0,3,313.0,1-14,14.0,3-13,43.0,3-13,43.0,3-13,43.0,False,29.0
1.09-1.11,108960794,7~50,6.0,6.0,6.0,1,6.0,6.0,6.0,106.0,106.0,106.0,1,106.0,1-06,6.0,1-06,6.0,1-06,6.0,1-06,6.0,True,0.0
1.09-1.11,108960802,1~7,8.0,45.0,45.0,24,45.0,1.875,,108.0,315.0,315.0,4,302.0,1-08,8.0,3-15,45.0,3-15,45.0,3-02,32.0,False,37.0
1.09-1.11,108961388,1~7,,25.0,25.0,9,6.0,1.0,,204.0,210.0,210.0,4,210.0,2-04,19.0,2-10,25.0,2-10,25.0,2-10,25.0,False,
1.09-1.11,108961404,1~7,5.0,9.0,9.0,2,9.0,4.5,9.0,105.0,109.0,109.0,1,105.0,1-05,5.0,1-09,9.0,1-09,9.0,1-05,5.0,True,4.0
1.09-1.11,108961638,1~7,2.0,2.0,2.0,1,2.0,2.0,2.0,102.0,102.0,102.0,1,102.0,1-02,2.0,1-02,2.0,1-02,2.0,1-02,2.0,True,0.0
1.09-1.11,108961653,1~7,,30.0,30.0,13,11.0,1.0,,204.0,215.0,215.0,4,214.0,2-04,19.0,2-15,30.0,2-15,30.0,2-14,29.0,False,
1.09-1.11,108961694,1~7,,8.0,8.0,1,0.0,,8.0,108.0,108.0,108.0,1,108.0,1-08,8.0,1-08,8.0,1-08,8.0,1-08,8.0,True,
1.09-1.11,108963331,1~7,9.0,30.0,30.0,11,30.0,3.0,,109.0,215.0,215.0,3,215.0,1-09,9.0,2-15,30.0,2-15,30.0,2-15,30.0,False,21.0
1.09-1.11,108966592,1~7,9.0,19.0,19.0,8,14.0,2.8,,109.0,204.0,204.0,3,204.0,1-09,9.0,2-04,19.0,2-04,19.0,2-04,19.0,False,10.0
1.09-1.11,108966742,1~7,12.0,94.0,94.0,24,94.0,3.9166666666666665,,112.0,704.0,704.0,2,514.0,1-12,12.0,7-04,94.0,7-04,94.0,5-14,74.0,False,82.0
1.09-1.11,108972689,7~50,19.0,80.0,80.0,24,80.0,3.3333333333333335,,204.0,605.0,605.0,4,511.0,2-04,19.0,6-05,80.0,6-05,80.0,5-11,71.0,False,61.0
1.09-1.11,108972901,1~7,7.0,19.0,19.0,7,19.0,2.7142857142857144,,107.0,204.0,204.0,2,112.0,1-07,7.0,2-04,19.0,2-04,19.0,1-12,12.0,False,12.0
1.09-1.11,108974291,7~50,13.0,22.0,22.0,8,22.0,3.142857142857143,,113.0,207.0,207.0,2,206.0,1-13,13.0,2-07,22.0,2-07,22.0,2-06,21.0,False,9.0
1.09-1.11,108978861,100~300,10.0,82.0,82.0,24,82.0,3.4166666666666665,,110.0,607.0,607.0,4,601.0,1-10,10.0,6-07,82.0,6-07,82.0,6-01,76.0,False,72.0
1.09-1.11,108984970,1~7,11.0,12.0,12.0,3,12.0,6.0,12.0,111.0,112.0,112.0,1,111.0,1-11,11.0,1-12,12.0,1-12,12.0,1-11,11.0,True,1.0
1.09-1.11,108986625,1~7,9.0,9.0,9.0,1,9.0,9.0,9.0,109.0,109.0,109.0,1,109.0,1-09,9.0,1-09,9.0,1-09,9.0,1-09,9.0,True,0.0
1.09-1.11,108988206,1~7,10.0,10.0,10.0,1,10.0,10.0,10.0,110.0,110.0,110.0,1,110.0,1-10,10.0,1-10,10.0,1-10,10.0,1-10,10.0,True,0.0
1.09-1.11,109035261,1~7,13.0,87.0,87.0,24,87.0,3.625,,113.0,612.0,612.0,5,604.0,1-13,13.0,6-12,87.0,6-12,87.0,6-04,79.0,False,74.0
1.09-1.11,109044250,1~7,12.0,12.0,12.0,1,12.0,12.0,12.0,112.0,112.0,112.0,1,112.0,1-12,12.0,1-12,12.0,1-12,12.0,1-12,12.0,True,0.0
